
--Master Project
Delete from mst_project;
INSERT INTO mst_project(project_name, department_name,updated_date) VALUES
('MACCS', 'Dev3','10/23/2020 3:17:32 PM'),
('CBM(PL)', 'Dev2','10/23/2020 3:17:32 PM'),
('CBM(AP)', 'Dev2','10/23/2020 3:17:32 PM'),
('CBM(APFW＆GW)', 'Dev2','10/23/2020 3:17:32 PM'),
('CBM(FIGW)', 'Dev2','10/23/2020 3:17:32 PM'),
('CBM(MCH&CTS)', 'Dev2','10/23/2020 3:17:32 PM'),
('CBM(PF)', 'Dev2','10/23/2020 3:17:32 PM'),
('CBM(保守)', 'Dev2','10/23/2020 3:17:32 PM'),
('ALSI', 'Dev1','10/23/2020 3:17:32 PM'),
('Talend', 'Dev1','10/23/2020 3:17:32 PM'),
('Velbon', 'Dev1','10/23/2020 3:17:32 PM'),
('Velbon(保守)', 'Dev1','10/23/2020 3:17:32 PM'),
('RPA', 'Dev1','10/23/2020 3:17:32 PM'),
('HRIM', 'Dev1','10/23/2020 3:17:32 PM'),
('Informatica', 'Dev1','10/23/2020 3:17:32 PM'),
('Informatica', 'Dev1','10/23/2020 3:17:32 PM');


--Master Items Status
Delete from mst_item_status;
INSERT INTO mst_item_status(item_status_name, form,offer_receive_status_code,updated_date) VALUES
('Available', '02','0','10/23/2020 3:17:32 PM'),
('User In Hand', '01','1','10/23/2020 3:17:32 PM'),
('Out of Stock', '01','0','10/23/2020 3:17:32 PM'),
('Waiting User Acceptance', '01','0','10/23/2020 3:17:32 PM'),
('Minor', '02','0','10/23/2020 3:17:32 PM'),
('Donation', '02','0','10/23/2020 3:17:32 PM'),
('Disposal', '02','0','10/23/2020 3:17:32 PM'),
('Lost', '02','0','10/23/2020 3:17:32 PM'),
('User Rejected', '01','1','10/23/2020 3:17:32 PM'),
('Can do preparation', '02','0','10/23/2020 3:17:32 PM'),
('User In Hand(Moving Out)', '03','0','10/23/2020 3:17:32 PM'),
('User In Hand','04','0','10/23/2020 3:17:32 PM');

--Master Main Category
Delete from mst_main_category;
INSERT INTO mst_main_category(main_category_name,updated_date) VALUES
('PC', '10/23/2020 3:17:32 PM'),
('Monitor','10/23/2020 3:17:32 PM'),
('License','10/23/2020 3:17:32 PM'),
('Storage Device','10/23/2020 3:17:32 PM'),
('Accessories', '10/23/2020 3:17:32 PM'),
('Phone', '10/23/2020 3:17:32 PM'),
('Stationary', '10/23/2020 3:17:32 PM'),
('NetWork Device', '10/23/2020 3:17:32 PM'),
('Others','10/23/2020 3:17:32 PM');

--Master Item Sub Category
Delete from mst_item_sub_category;
INSERT INTO mst_item_sub_category(sub_category_id,main_category_id,sub_category_name,delete_flag,updated_date) VALUES
(1,'PC','Laptop', false,'10/23/2020 3:17:32 PM'),
(2,'PC','Apple Mac', false,'10/23/2020 3:17:32 PM'),
(3,'PC','Apple Mini', false,'10/23/2020 3:17:32 PM'),
(4,'PC','IPhone', false,'10/23/2020 3:17:32 PM'),
(5,'PC','IPad', false,'10/23/2020 3:17:32 PM'),
(6,'Monitor','Monitor', false,'10/23/2020 3:17:32 PM'),
(7,'License','Microsoft Office2013', false,'10/23/2020 3:17:32 PM'),
(8,'Storage Device','USB', false,'10/23/2020 3:17:32 PM'),
(9,'Storage Device','External HDD', false,'10/23/2020 3:17:32 PM'),
(10,'Accessories','Keyboard', false,'10/23/2020 3:17:32 PM'),
(11,'Accessories','Mouse', false,'10/23/2020 3:17:32 PM'),
(12,'Accessories','Sim Router', false,'10/23/2020 3:17:32 PM'),
(13,'Accessories','Router', false,'10/23/2020 3:17:32 PM'),
(14,'Accessories','HDMI to VGA Converter', false,'10/23/2020 3:17:32 PM'),
(15,'Phone','Phone', false,'10/23/2020 3:17:32 PM'),
(16,'Stationary','CD', false,'10/23/2020 3:17:32 PM'),
(17,'Stationary','DVD', false,'10/23/2020 3:17:32 PM'),
(18,'Stationary','CD/DVD Bags', false,'10/23/2020 3:17:32 PM'),
(19,'NetWork Device','Network cutter', false,'10/23/2020 3:17:32 PM'),
(20,'Others','Web Cam', false,'10/23/2020 3:17:32 PM');


--Master NDMM Moving Out Qty
Delete from mst_ndmm_moving_out_qty;
INSERT INTO mst_ndmm_moving_out_qty(moving_out_qty_id,main_category_id,max_qty,delete_flag,updated_date) VALUES
(1,'PC',10, false,'10/23/2020 3:17:32 PM'),
(2,'Monitor',2, false,'10/23/2020 3:17:32 PM'),
(3,'License',2,false, '10/23/2020 3:17:32 PM'),
(4,'Storage Device',3, false,'10/23/2020 3:17:32 PM'),
(5,'Accessories',3, false,'10/23/2020 3:17:32 PM'),
(6,'Phone',1, false,'10/23/2020 3:17:32 PM'),
(7,'Stationary',20,false, '10/23/2020 3:17:32 PM'),
(8,'NetWork Device',2,false, '10/23/2020 3:17:32 PM'),
(9,'Others',3, false,'10/23/2020 3:17:32 PM');


--Master NDMM Moving Out Qty
Delete from mst_item_type_policy_setup;
INSERT INTO mst_item_type_policy_setup(policy_id,main_category_id,form,policy_flow_name,approval_person,approval_person_level,delete_flag,updated_date) VALUES
(1,'1,2,3,4,8','01','ReportingMGR - CISO - IT-Infra-Dept','ReportingMGR',1 ,false,'10/23/2020 3:17:32 PM'),
(1,'1,2,3,4,8','01','ReportingMGR - CISO - IT-Infra-Dept','CISO',2 ,false,'10/23/2020 3:17:32 PM'),
(1,'1,2,3,4,8','01','ReportingMGR - CISO - IT-Infra-Dept','IT-Infra-Dept',3 ,false,'10/23/2020 3:17:32 PM'),

(2,'6','01','ReportingMGR - IT-Infra-Dept','ReportingMGR',1,false, '10/23/2020 3:17:32 PM'),
(2,'6','01','ReportingMGR - IT-Infra-Dept','IT-Infra-Dept',2,false,'10/23/2020 3:17:32 PM'),

(3,'5,7,9','01','IT-Infra-Dept','IT-Infra-Dept',1, false,'10/23/2020 3:17:32 PM'),

(4,'1,2,3,4,8','02','ReportingMGR - IT-Infra-Dept - CISO','ReportingMGR',1 ,false,'10/23/2020 3:17:32 PM'),
(4,'1,2,3,4,8','02','ReportingMGR - IT-Infra-Dept - CISO','IT-Infra-Dept',2 ,false,'10/23/2020 3:17:32 PM'),
(4,'1,2,3,4,8','02','ReportingMGR - IT-Infra-Dept - CISO','CISO',3 ,false,'10/23/2020 3:17:32 PM'),

(5,'6','02','ReportingMGR - IT-Infra-Dept','ReportingMGR',1 ,false,'10/23/2020 3:17:32 PM'),
(5,'6','02','ReportingMGR - IT-Infra-Dept ','IT-Infra-Dept',2 ,false,'10/23/2020 3:17:32 PM'),

(6,'5,7,9','02','IT-Infra-Dept ','IT-Infra-Dept',1 ,false,'10/23/2020 3:17:32 PM'),

(7,'1,2,3,4,5,6,7,8,9','03','ReportingMGR - CISO - IT-Infra-Dept','ReportingMGR',1, false,'10/23/2020 3:17:32 PM'),
(7,'1,2,3,4,5,6,7,8,9','03','ReportingMGR - CISO - IT-Infra-Dept','CISO',2, false,'10/23/2020 3:17:32 PM'),
(7,'1,2,3,4,5,6,7,8,9','03','ReportingMGR - CISO - IT-Infra-Dept','IT-Infra-Dept',3,false, '10/23/2020 3:17:32 PM'),

(8,'1,2,3,4,5,6,7,8,9','04','CISO - IT-Infra-Dept','CISO',1,false, '10/23/2020 3:17:32 PM'),
(8,'1,2,3,4,5,6,7,8,9','04','CISO - IT-Infra-Dept','IT-Infra-Dept',2, false,'10/23/2020 3:17:32 PM');


=======================
--Master Batch
Delete from mst_batch;
INSERT INTO mst_batch(batch_name, updated_date) VALUES
('None', '10/23/2020 3:17:32 PM'),
('1st', '10/23/2020 3:17:32 PM'),
('2nd', '10/23/2020 3:17:32 PM'),
('3rd', '10/23/2020 3:17:32 PM'),
('4th', '10/23/2020 3:17:32 PM'),
('5th', '10/23/2020 3:17:32 PM'),
('6th', '10/23/2020 3:17:32 PM'),
('7th', '10/23/2020 3:17:32 PM'),
('8th', '10/23/2020 3:17:32 PM'),
('9th', '10/23/2020 3:17:32 PM'),
('10th', '10/23/2020 3:17:32 PM'),
('11th', '10/23/2020 3:17:32 PM'),
('12th', '10/23/2020 3:17:32 PM'),
('13th', '10/23/2020 3:17:32 PM'),
('14th', '10/23/2020 3:17:32 PM'),
('15th', '10/23/2020 3:17:32 PM'),
('16th', '10/23/2020 3:17:32 PM'),
('17th', '10/23/2020 3:17:32 PM'),
('18th', '10/23/2020 3:17:32 PM'),
('19th', '10/23/2020 3:17:32 PM'),
('20th', '10/23/2020 3:17:32 PM');

--Master Division
Delete from mst_division;
INSERT INTO mst_division(division_name, updated_date) VALUES
('System Development', '10/23/2020 3:17:32 PM'),
('Coporate Operation', '10/23/2020 3:17:32 PM'),
('Sales', '10/23/2020 3:17:32 PM'),
('Finance', '10/23/2020 3:17:32 PM'),
('Top', '10/23/2020 3:17:32 PM');

--Master Department
Delete from mst_department;
INSERT INTO mst_department(department_name, division_id, updated_date) VALUES 
('Dev1', 1, '10/23/2020 3:17:32 PM'),
('Dev2', 1, '10/23/2020 3:17:32 PM'),
('Dev3', 1, '10/23/2020 3:17:32 PM'),
('HR', 2, '10/23/2020 3:17:32 PM'),
('Admin', 2, '10/23/2020 3:17:32 PM'),
('IT-Infra', 2, '10/23/2020 3:17:32 PM'),
('Sales', 3, '10/23/2020 3:17:32 PM'),
('Finance', 4, '10/23/2020 3:17:32 PM'),
('All',5, '10/23/2020 3:17:32 PM'),
('HRD', 2, '10/23/2020 3:17:32 PM');

--Master Designation
Delete from mst_designation;
INSERT INTO mst_designation( designation_short_name, designation_long_name, department_id, designation_level, updated_date) VALUES
( 'JSE', 'ジュニアシステムエンジニア', 1, 1, '10/23/2020 3:17:32 PM'), 
( 'SE', 'システムエンジニア', 1, 1, '10/23/2020 3:17:32 PM'), 
( 'SSE', 'シニアシステムエンジニア', 1, 1, '10/23/2020 3:17:32 PM'),
( 'TL', 'チームリーダー', 1, 2, '10/23/2020 3:17:32 PM'),
( 'PL', 'プロジェクトリーダー', 1, 3, '10/23/2020 3:17:32 PM'),
( 'Asst.MGR', 'アシスタントプロジェクトマネージャー', 1, 4, '10/23/2020 3:17:32 PM'),
( 'MGR', 'プロジェクトマネージャ', 1, 4, '10/23/2020 3:17:32 PM'),
( 'Sr.MGR', 'シニアマネージャー', 1, 4, '10/23/2020 3:17:32 PM'),

( 'JSE', 'ジュニアシステムエンジニア', 2, 1, '10/23/2020 3:17:32 PM'), 
( 'SE', 'システムエンジニア', 2, 1, '10/23/2020 3:17:32 PM'),
( 'SSE', 'シニアシステムエンジニア', 2, 1, '10/23/2020 3:17:32 PM'),
( 'TL', 'チームリーダー', 2, 2, '10/23/2020 3:17:32 PM'),
( 'PL', 'プロジェクトリーダー', 2, 3, '10/23/2020 3:17:32 PM'),
( 'Asst.MGR', 'アシスタントプロジェクトマネージャー', 2, 4, '10/23/2020 3:17:32 PM'),
( 'MGR', 'プロジェクトマネージャ', 2, 4, '10/23/2020 3:17:32 PM'),
( 'Sr.MGR', 'シニアマネージャー', 2, 4, '10/23/2020 3:17:32 PM'),

( 'JSE', 'ジュニアシステムエンジニア', 3, 1, '10/23/2020 3:17:32 PM'), 
( 'SE', 'システムエンジニア', 3, 1, '10/23/2020 3:17:32 PM'),
( 'SSE', 'シニアシステムエンジニア', 3, 1, '10/23/2020 3:17:32 PM'),
( 'TL', 'チームリーダー', 3, 2, '10/23/2020 3:17:32 PM'),
( 'PL', 'プロジェクトリーダー', 3, 3, '10/23/2020 3:17:32 PM'),
( 'Asst.MGR', 'アシスタントプロジェクトマネージャー', 3, 4, '10/23/2020 3:17:32 PM'),
( 'MGR', 'プロジェクトマネージャ', 3, 4, '10/23/2020 3:17:32 PM'),
( 'Sr.MGR', 'シニアマネージャー', 3, 4, '10/23/2020 3:17:32 PM'),

( 'Asst.Staff', 'アシスタント人事管理者',4, 1, '10/23/2020 3:17:32 PM'),
( 'Staff', '人事管理者',4, 1, '10/23/2020 3:17:32 PM'),
( 'Sr.Staff', 'シニア人事管理者',4, 2, '10/23/2020 3:17:32 PM'),
( 'Asst.Chief', 'アシスタントチーフ人事管理者',4, 2, '10/23/2020 3:17:32 PM'),
( 'Chief', '最高人事管理者',4, 2, '10/23/2020 3:17:32 PM'),
( 'MGR', '人事マネージャー',4, 4, '10/23/2020 3:17:32 PM'),
( 'Sr.MGR', 'シニアマネージャー',4, 4, '10/23/2020 3:17:32 PM'),

( 'Asst.Staff', 'アシスタントアドミニストレーター',5, 1, '10/23/2020 3:17:32 PM'),
( 'Staff', 'アドミニストレーター',5, 1, '10/23/2020 3:17:32 PM'),
( 'Sr.Staff', 'シニアアドミニストレーター',5, 2, '10/23/2020 3:17:32 PM'),
( 'Asst.Chief', 'アシスタントチーフアドミニストレーター',5, 2, '10/23/2020 3:17:32 PM'),
( 'Chief', 'チーフアドミニストレーター',5, 2, '10/23/2020 3:17:32 PM'),
( 'MGR', '管理マネージャー',5, 4, '10/23/2020 3:17:32 PM'),
( 'Sr.MGR', 'シニアマネージャー',5, 4, '10/23/2020 3:17:32 PM'),

( 'JHNE', 'ジュニアハードウェア＆ネットワークエンジニア', 6, 1, '10/23/2020 3:17:32 PM'),
( 'HNE', 'ハードウェアおよびネットワークエンジニア', 6, 1, '10/23/2020 3:17:32 PM'),
( 'SHNE', 'シニアハードウェアおよびネットワークエンジニア', 6, 1, '10/23/2020 3:17:32 PM'),
( 'TL', 'チームリーダー', 6, 2, '10/23/2020 3:17:32 PM'),

( 'Sr.Staff', 'シニアビジネスアドミニストレーター',7, 2, '10/23/2020 3:17:32 PM'),
( 'Chief', 'チーフビジネスアドミニストレーター',7, 2, '10/23/2020 3:17:32 PM'),
( 'MGR', '営業マネージャー',7, 4, '10/23/2020 3:17:32 PM'),
( 'Sr.MGR', 'シニアマネージャー',7, 4, '10/23/2020 3:17:32 PM'),

( 'Asst.Staff', 'アシスタント会計士',8, 1, '10/23/2020 3:17:32 PM'),
( 'Staff', '会計士',8, 1, '10/23/2020 3:17:32 PM'),
( 'Sr.Staff', 'シニア会計士',8, 2, '10/23/2020 3:17:32 PM'),
( 'Asst.Chief', 'アシスタントチーフ会計士',8, 2, '10/23/2020 3:17:32 PM'),
( 'Chief', '会計主任',8, 2, '10/23/2020 3:17:32 PM'),
( 'Sr.MGR', 'シニアマネージャー',8, 4, '10/23/2020 3:17:32 PM'),

( 'VP', '副社長',9, 5, '10/23/2020 3:17:32 PM'),
( 'CEO', '社長',9, 5, '10/23/2020 3:17:32 PM'),

('Japanese Lecturer','講師',10,3,'10/23/2020 15:17:32');

--Policy Leave
DELETE FROM policy_leave;
INSERT INTO policy_leave(leave_type_name, apply_before, leave_given_days, updated_date) VALUES 
('年次休暇', 24, '10', '10/23/2020 3:17:32 PM'),
('臨時休暇', 0, '6', '10/23/2020 3:17:32 PM'),
('医療休暇', 0, '30', '10/23/2020 3:17:32 PM'),
('代替休日', 0, '0', '10/23/2020 3:17:32 PM'),
('入院休暇', 0, '60', '10/23/2020 3:17:32 PM'), 
('産休', 0, '70', '10/23/2020 3:17:32 PM'),
('出産休暇', 0, '70', '10/23/2020 3:17:32 PM'),
('結婚休暇', 0, '0', '10/23/2020 3:17:32 PM'),
('慶弔休暇', 0, '4', '10/23/2020 3:17:32 PM'),
('無給休暇', 0, '0', '10/23/2020 3:17:32 PM'),
('その他', 0, '0', '10/23/2020 3:17:32 PM'),
('無断・クラス欠席', 0, '0', '10/23/2020 3:17:32 PM');

--Holiday
DELETE FROM holiday;
INSERT INTO holiday(holiday_id,holiday_name, holiday_date) VALUES 
(1, 'New Year''s Day', '01/01/2021'),
(2, 'Indepdendency Day', '01/04/2021'),
(3, 'Karen New Year', '01/13/2021'),
(4, 'Union Day', '02/12/2021'),
(5, 'Peasants'' Day', '03/02/2021'),
(6, 'Fullmoon Day of Tabaung', '03/26/2021'),
(7, 'Fullmoon Day of Tabaung', '03/27/2021'),
(8, 'Armed Forced Day', '03/27/2021'),
(9, 'Thingyan Water Festival', '04/13/2021'),
(10, 'Thingyan Water Festival', '04/14/2021'),
(11, 'Thingyan Water Festival', '04/15/2021'),
(12, 'Thingyan Water Festival', '04/16/2021'),
(13, 'Myanmar New Year Holiday', '04/17/2021'),
(14, 'Myanmar New Year Holiday', '04/18/2021'),
(15, 'Myanmar New Year Holiday', '04/19/2021'),
(16, 'Labour Day Holiday', '04/30/2021'),
(17, 'Labour Day Holiday', '05/01/2021'),
(18, 'Fullmoon Day of Kasong', '05/25/2021'),
(19, 'Martyrs''', '07/19/2021'),
(20, 'Fullmoon Day of Waso', '07/23/2021'),
(21, 'Fullmoon Day of Thadingyut', '10/19/2021'),
(22, 'Thadingyut Holiday', '10/20/2021'),
(23, 'Thadingyut Holiday', '10/21/2021'),
(24, 'Tazaungmone Holiday', '11/17/2021'),
(25, 'Fullmoon Day of Tazaungmone', '11/18/2021'),
(26, 'National Day', '11/28/2021'),
(27, 'National Day Holiday', '11/29/2021'),
(28, 'Christmas Day Holiday', '12/24/2021'),
(29, 'Christmas Day', '12/25/2021'),
(30, 'New Year''s Eve', '12/31/2021');

--Approval Status
DELETE FROM approval_status;
INSERT INTO approval_status( approval_status_code, leave_status_name, overtime_status_name, designation_level) VALUES 
( '000', 'Default', '', 0),
( '101', 'Waiting-HAN', '', 1),
( '102', 'Approved-HAN', '', 1),
( '103', 'Rejected-HAN', '', 1),
( '201', 'Waiting-Leader', '', 2),
( '202', 'Approved-Leader', '', 2),
( '203', 'Rejected-Leader', '', 2),
( '301', 'Waiting-PL', '', 3),
( '302', 'Approved-PL', '', 3),
( '303', 'Rejected-PL', '', 3),
( '401', 'Waiting-MGR', '', 4),
( '402', 'Approved-MGR', '', 4),
( '403', 'Rejected-MGR', '', 4),
( '501', 'Waiting-CEO', '', 5),
( '502', 'Approved-CEO', '',5),
( '503', 'Rejected-CEO', '', 5),
( '211', '', 'Waiting-Leader(Est)', 2),
( '212', '', 'Approved-Leader(Est)',2),
( '213', '', 'Rejected-Leader(Est)', 2),
( '214', '', 'Waiting-Leader(Act)', 2),
( '215', '', 'Approved-Leader(Act)',2),
( '216', '', 'Rejected-Leader(Act)', 2),
( '311', '', 'Waiting-PL(Est)', 3),
( '312', '', 'Approved-PL(Est)',3),
( '313', '', 'Rejected-PL(Est)', 3),
( '314', '', 'Waiting-PL(Act)', 3),
( '315', '', 'Approved-PL(Act)',3),
( '316', '', 'Rejected-PL(Act)', 3),
( '411', '', 'Waiting-MGR(Est)', 4),
( '412', '', 'Approved-MGR(Est)',4),
( '413', '', 'Rejected-MGR(Est)', 4),
( '414', '', 'Waiting-MGR(Act)', 4),
( '415', '', 'Approved-MGR(Act)',4),
( '416', '', 'Rejected-MGR(Act)', 4);

--Permission
DELETE FROM permission;
insert into permission(division_id,department_id,designation_long_name,manager_dashboard_detail,admin_dashboard_detail,employee_dashboard_detail,fingerprint_import,myleave_update,myleave_delete,adminleave_register,absent_register,leave_approval_update,leave_approval_detail,leave_approval_search,leave_mgn_update,leave_mgn_delete,leave_mgn_search,leave_import,myot_update,myot_delete,myot_detail,otform_register,urgentotform_register,otapproval_update,otapproval_detail,otapproval_search,adminot_update,adminot_detail,adminot_search,employee_register,employeelist_update,employeelist_detail,employeelist_search,employeelist_upload,payrollmnt_search,payrollmnt_update,payrollmnt_detail,payrollmnt_export,payrollmnt_download,leavereport_update,leavereport_search,leavereport_export,absentreport_delete,absentreport_search,absentreport_export,officereport_update,officereport_search,policy_register,policy_update,policy_delete,mstmnt_register,mstmnt_update,mstmnt_delete,holiday_register,leavebalance_import,updated_date) values (1,1,'チームリーダー',False,False,True,False,True,True,False,False,True,True,True,False,False,False,False,True,True,True,True,True,True,True,True,False,False,False,False,False,False,False,False,False,False,False,False,False,False,False,False,False,False,False,False,False,False,False,False,False,False,False,False,False,null);
insert into permission(division_id,department_id,designation_long_name,manager_dashboard_detail,admin_dashboard_detail,employee_dashboard_detail,fingerprint_import,myleave_update,myleave_delete,adminleave_register,absent_register,leave_approval_update,leave_approval_detail,leave_approval_search,leave_mgn_update,leave_mgn_delete,leave_mgn_search,leave_import,myot_update,myot_delete,myot_detail,otform_register,urgentotform_register,otapproval_update,otapproval_detail,otapproval_search,adminot_update,adminot_detail,adminot_search,employee_register,employeelist_update,employeelist_detail,employeelist_search,employeelist_upload,payrollmnt_search,payrollmnt_update,payrollmnt_detail,payrollmnt_export,payrollmnt_download,leavereport_update,leavereport_search,leavereport_export,absentreport_delete,absentreport_search,absentreport_export,officereport_update,officereport_search,policy_register,policy_update,policy_delete,mstmnt_register,mstmnt_update,mstmnt_delete,holiday_register,leavebalance_import,updated_date) values (1,1,'システムエンジニア',False,False,True,False,True,True,False,False,True,True,True,False,False,False,False,True,True,True,True,True,False,False,False,False,False,False,False,False,False,False,False,False,False,False,False,False,False,False,False,False,False,False,False,False,False,False,False,False,False,False,False,False,null);
insert into permission(division_id,department_id,designation_long_name,manager_dashboard_detail,admin_dashboard_detail,employee_dashboard_detail,fingerprint_import,myleave_update,myleave_delete,adminleave_register,absent_register,leave_approval_update,leave_approval_detail,leave_approval_search,leave_mgn_update,leave_mgn_delete,leave_mgn_search,leave_import,myot_update,myot_delete,myot_detail,otform_register,urgentotform_register,otapproval_update,otapproval_detail,otapproval_search,adminot_update,adminot_detail,adminot_search,employee_register,employeelist_update,employeelist_detail,employeelist_search,employeelist_upload,payrollmnt_search,payrollmnt_update,payrollmnt_detail,payrollmnt_export,payrollmnt_download,leavereport_update,leavereport_search,leavereport_export,absentreport_delete,absentreport_search,absentreport_export,officereport_update,officereport_search,policy_register,policy_update,policy_delete,mstmnt_register,mstmnt_update,mstmnt_delete,holiday_register,leavebalance_import,updated_date) values (1,1,'シニアシステムエンジニア',False,False,True,False,True,True,False,False,True,True,True,False,False,False,False,True,True,True,True,True,False,False,False,False,False,False,False,False,False,False,False,False,False,False,False,False,False,False,False,False,False,False,False,False,False,False,False,False,False,False,False,False,null);
insert into permission(division_id,department_id,designation_long_name,manager_dashboard_detail,admin_dashboard_detail,employee_dashboard_detail,fingerprint_import,myleave_update,myleave_delete,adminleave_register,absent_register,leave_approval_update,leave_approval_detail,leave_approval_search,leave_mgn_update,leave_mgn_delete,leave_mgn_search,leave_import,myot_update,myot_delete,myot_detail,otform_register,urgentotform_register,otapproval_update,otapproval_detail,otapproval_search,adminot_update,adminot_detail,adminot_search,employee_register,employeelist_update,employeelist_detail,employeelist_search,employeelist_upload,payrollmnt_search,payrollmnt_update,payrollmnt_detail,payrollmnt_export,payrollmnt_download,leavereport_update,leavereport_search,leavereport_export,absentreport_delete,absentreport_search,absentreport_export,officereport_update,officereport_search,policy_register,policy_update,policy_delete,mstmnt_register,mstmnt_update,mstmnt_delete,holiday_register,leavebalance_import,updated_date) values (1,1,'シニアマネージャー',True,False,True,False,True,True,False,False,True,True,True,False,False,False,False,False,False,False,False,False,True,True,True,False,False,False,False,False,False,False,False,False,False,False,False,False,False,False,False,False,False,False,False,False,False,False,False,False,False,False,False,False,null);
insert into permission(division_id,department_id,designation_long_name,manager_dashboard_detail,admin_dashboard_detail,employee_dashboard_detail,fingerprint_import,myleave_update,myleave_delete,adminleave_register,absent_register,leave_approval_update,leave_approval_detail,leave_approval_search,leave_mgn_update,leave_mgn_delete,leave_mgn_search,leave_import,myot_update,myot_delete,myot_detail,otform_register,urgentotform_register,otapproval_update,otapproval_detail,otapproval_search,adminot_update,adminot_detail,adminot_search,employee_register,employeelist_update,employeelist_detail,employeelist_search,employeelist_upload,payrollmnt_search,payrollmnt_update,payrollmnt_detail,payrollmnt_export,payrollmnt_download,leavereport_update,leavereport_search,leavereport_export,absentreport_delete,absentreport_search,absentreport_export,officereport_update,officereport_search,policy_register,policy_update,policy_delete,mstmnt_register,mstmnt_update,mstmnt_delete,holiday_register,leavebalance_import,updated_date) values (1,1,'プロジェクトマネージャ',True,False,True,False,True,True,False,False,True,True,True,False,False,False,False,False,False,False,False,False,True,True,True,False,False,False,False,False,False,False,False,False,False,False,False,False,False,False,False,False,False,False,False,False,False,False,False,False,False,False,False,False,null);
insert into permission(division_id,department_id,designation_long_name,manager_dashboard_detail,admin_dashboard_detail,employee_dashboard_detail,fingerprint_import,myleave_update,myleave_delete,adminleave_register,absent_register,leave_approval_update,leave_approval_detail,leave_approval_search,leave_mgn_update,leave_mgn_delete,leave_mgn_search,leave_import,myot_update,myot_delete,myot_detail,otform_register,urgentotform_register,otapproval_update,otapproval_detail,otapproval_search,adminot_update,adminot_detail,adminot_search,employee_register,employeelist_update,employeelist_detail,employeelist_search,employeelist_upload,payrollmnt_search,payrollmnt_update,payrollmnt_detail,payrollmnt_export,payrollmnt_download,leavereport_update,leavereport_search,leavereport_export,absentreport_delete,absentreport_search,absentreport_export,officereport_update,officereport_search,policy_register,policy_update,policy_delete,mstmnt_register,mstmnt_update,mstmnt_delete,holiday_register,leavebalance_import,updated_date) values (1,1,'プロジェクトリーダー',False,False,True,False,True,True,False,False,True,True,True,False,False,False,False,True,True,True,True,True,True,True,True,False,False,False,False,False,False,False,False,False,False,False,False,False,False,False,False,False,False,False,False,False,False,False,False,False,False,False,False,False,null);
insert into permission(division_id,department_id,designation_long_name,manager_dashboard_detail,admin_dashboard_detail,employee_dashboard_detail,fingerprint_import,myleave_update,myleave_delete,adminleave_register,absent_register,leave_approval_update,leave_approval_detail,leave_approval_search,leave_mgn_update,leave_mgn_delete,leave_mgn_search,leave_import,myot_update,myot_delete,myot_detail,otform_register,urgentotform_register,otapproval_update,otapproval_detail,otapproval_search,adminot_update,adminot_detail,adminot_search,employee_register,employeelist_update,employeelist_detail,employeelist_search,employeelist_upload,payrollmnt_search,payrollmnt_update,payrollmnt_detail,payrollmnt_export,payrollmnt_download,leavereport_update,leavereport_search,leavereport_export,absentreport_delete,absentreport_search,absentreport_export,officereport_update,officereport_search,policy_register,policy_update,policy_delete,mstmnt_register,mstmnt_update,mstmnt_delete,holiday_register,leavebalance_import,updated_date) values (1,1,'ジュニアシステムエンジニア',False,False,True,False,True,True,False,False,True,True,True,False,False,False,False,True,True,True,True,True,False,False,False,False,False,False,False,False,False,False,False,False,False,False,False,False,False,False,False,False,False,False,False,False,False,False,False,False,False,False,False,False,null);
insert into permission(division_id,department_id,designation_long_name,manager_dashboard_detail,admin_dashboard_detail,employee_dashboard_detail,fingerprint_import,myleave_update,myleave_delete,adminleave_register,absent_register,leave_approval_update,leave_approval_detail,leave_approval_search,leave_mgn_update,leave_mgn_delete,leave_mgn_search,leave_import,myot_update,myot_delete,myot_detail,otform_register,urgentotform_register,otapproval_update,otapproval_detail,otapproval_search,adminot_update,adminot_detail,adminot_search,employee_register,employeelist_update,employeelist_detail,employeelist_search,employeelist_upload,payrollmnt_search,payrollmnt_update,payrollmnt_detail,payrollmnt_export,payrollmnt_download,leavereport_update,leavereport_search,leavereport_export,absentreport_delete,absentreport_search,absentreport_export,officereport_update,officereport_search,policy_register,policy_update,policy_delete,mstmnt_register,mstmnt_update,mstmnt_delete,holiday_register,leavebalance_import,updated_date) values (1,1,'アシスタントプロジェクトマネージャー',True,False,True,False,True,True,False,False,True,True,True,False,False,False,False,False,False,False,False,False,True,True,True,False,False,False,False,False,False,False,False,False,False,False,False,False,False,False,False,False,False,False,False,False,False,False,False,False,False,False,False,False,null);
insert into permission(division_id,department_id,designation_long_name,manager_dashboard_detail,admin_dashboard_detail,employee_dashboard_detail,fingerprint_import,myleave_update,myleave_delete,adminleave_register,absent_register,leave_approval_update,leave_approval_detail,leave_approval_search,leave_mgn_update,leave_mgn_delete,leave_mgn_search,leave_import,myot_update,myot_delete,myot_detail,otform_register,urgentotform_register,otapproval_update,otapproval_detail,otapproval_search,adminot_update,adminot_detail,adminot_search,employee_register,employeelist_update,employeelist_detail,employeelist_search,employeelist_upload,payrollmnt_search,payrollmnt_update,payrollmnt_detail,payrollmnt_export,payrollmnt_download,leavereport_update,leavereport_search,leavereport_export,absentreport_delete,absentreport_search,absentreport_export,officereport_update,officereport_search,policy_register,policy_update,policy_delete,mstmnt_register,mstmnt_update,mstmnt_delete,holiday_register,leavebalance_import,updated_date) values (1,2,'チームリーダー',False,False,True,False,True,True,False,False,True,True,True,False,False,False,False,True,True,True,True,True,True,True,True,False,False,False,False,False,False,False,False,False,False,False,False,False,False,False,False,False,False,False,False,False,False,False,False,False,False,False,False,False,null);
insert into permission(division_id,department_id,designation_long_name,manager_dashboard_detail,admin_dashboard_detail,employee_dashboard_detail,fingerprint_import,myleave_update,myleave_delete,adminleave_register,absent_register,leave_approval_update,leave_approval_detail,leave_approval_search,leave_mgn_update,leave_mgn_delete,leave_mgn_search,leave_import,myot_update,myot_delete,myot_detail,otform_register,urgentotform_register,otapproval_update,otapproval_detail,otapproval_search,adminot_update,adminot_detail,adminot_search,employee_register,employeelist_update,employeelist_detail,employeelist_search,employeelist_upload,payrollmnt_search,payrollmnt_update,payrollmnt_detail,payrollmnt_export,payrollmnt_download,leavereport_update,leavereport_search,leavereport_export,absentreport_delete,absentreport_search,absentreport_export,officereport_update,officereport_search,policy_register,policy_update,policy_delete,mstmnt_register,mstmnt_update,mstmnt_delete,holiday_register,leavebalance_import,updated_date) values (1,2,'システムエンジニア',False,False,True,False,True,True,False,False,True,True,True,False,False,False,False,True,True,True,True,True,False,False,False,False,False,False,False,False,False,False,False,False,False,False,False,False,False,False,False,False,False,False,False,False,False,False,False,False,False,False,False,False,null);
insert into permission(division_id,department_id,designation_long_name,manager_dashboard_detail,admin_dashboard_detail,employee_dashboard_detail,fingerprint_import,myleave_update,myleave_delete,adminleave_register,absent_register,leave_approval_update,leave_approval_detail,leave_approval_search,leave_mgn_update,leave_mgn_delete,leave_mgn_search,leave_import,myot_update,myot_delete,myot_detail,otform_register,urgentotform_register,otapproval_update,otapproval_detail,otapproval_search,adminot_update,adminot_detail,adminot_search,employee_register,employeelist_update,employeelist_detail,employeelist_search,employeelist_upload,payrollmnt_search,payrollmnt_update,payrollmnt_detail,payrollmnt_export,payrollmnt_download,leavereport_update,leavereport_search,leavereport_export,absentreport_delete,absentreport_search,absentreport_export,officereport_update,officereport_search,policy_register,policy_update,policy_delete,mstmnt_register,mstmnt_update,mstmnt_delete,holiday_register,leavebalance_import,updated_date) values (1,2,'シニアシステムエンジニア',False,False,True,False,True,True,False,False,True,True,True,False,False,False,False,True,True,True,True,True,False,False,False,False,False,False,False,False,False,False,False,False,False,False,False,False,False,False,False,False,False,False,False,False,False,False,False,False,False,False,False,False,null);
insert into permission(division_id,department_id,designation_long_name,manager_dashboard_detail,admin_dashboard_detail,employee_dashboard_detail,fingerprint_import,myleave_update,myleave_delete,adminleave_register,absent_register,leave_approval_update,leave_approval_detail,leave_approval_search,leave_mgn_update,leave_mgn_delete,leave_mgn_search,leave_import,myot_update,myot_delete,myot_detail,otform_register,urgentotform_register,otapproval_update,otapproval_detail,otapproval_search,adminot_update,adminot_detail,adminot_search,employee_register,employeelist_update,employeelist_detail,employeelist_search,employeelist_upload,payrollmnt_search,payrollmnt_update,payrollmnt_detail,payrollmnt_export,payrollmnt_download,leavereport_update,leavereport_search,leavereport_export,absentreport_delete,absentreport_search,absentreport_export,officereport_update,officereport_search,policy_register,policy_update,policy_delete,mstmnt_register,mstmnt_update,mstmnt_delete,holiday_register,leavebalance_import,updated_date) values (1,2,'シニアマネージャー',True,False,True,False,True,True,False,False,True,True,True,False,False,False,False,False,False,False,False,False,True,True,True,False,False,False,False,False,False,False,False,False,False,False,False,False,False,False,False,False,False,False,False,False,False,False,False,False,False,False,False,False,null);
insert into permission(division_id,department_id,designation_long_name,manager_dashboard_detail,admin_dashboard_detail,employee_dashboard_detail,fingerprint_import,myleave_update,myleave_delete,adminleave_register,absent_register,leave_approval_update,leave_approval_detail,leave_approval_search,leave_mgn_update,leave_mgn_delete,leave_mgn_search,leave_import,myot_update,myot_delete,myot_detail,otform_register,urgentotform_register,otapproval_update,otapproval_detail,otapproval_search,adminot_update,adminot_detail,adminot_search,employee_register,employeelist_update,employeelist_detail,employeelist_search,employeelist_upload,payrollmnt_search,payrollmnt_update,payrollmnt_detail,payrollmnt_export,payrollmnt_download,leavereport_update,leavereport_search,leavereport_export,absentreport_delete,absentreport_search,absentreport_export,officereport_update,officereport_search,policy_register,policy_update,policy_delete,mstmnt_register,mstmnt_update,mstmnt_delete,holiday_register,leavebalance_import,updated_date) values (1,2,'プロジェクトマネージャ',True,False,True,False,True,True,False,False,True,True,True,False,False,False,False,False,False,False,False,False,True,True,True,False,False,False,False,False,False,False,False,False,False,False,False,False,False,False,False,False,False,False,False,False,False,False,False,False,False,False,False,False,null);
insert into permission(division_id,department_id,designation_long_name,manager_dashboard_detail,admin_dashboard_detail,employee_dashboard_detail,fingerprint_import,myleave_update,myleave_delete,adminleave_register,absent_register,leave_approval_update,leave_approval_detail,leave_approval_search,leave_mgn_update,leave_mgn_delete,leave_mgn_search,leave_import,myot_update,myot_delete,myot_detail,otform_register,urgentotform_register,otapproval_update,otapproval_detail,otapproval_search,adminot_update,adminot_detail,adminot_search,employee_register,employeelist_update,employeelist_detail,employeelist_search,employeelist_upload,payrollmnt_search,payrollmnt_update,payrollmnt_detail,payrollmnt_export,payrollmnt_download,leavereport_update,leavereport_search,leavereport_export,absentreport_delete,absentreport_search,absentreport_export,officereport_update,officereport_search,policy_register,policy_update,policy_delete,mstmnt_register,mstmnt_update,mstmnt_delete,holiday_register,leavebalance_import,updated_date) values (1,2,'プロジェクトリーダー',False,False,True,False,True,True,False,False,True,True,True,False,False,False,False,True,True,True,True,True,True,True,True,False,False,False,False,False,False,False,False,False,False,False,False,False,False,False,False,False,False,False,False,False,False,False,False,False,False,False,False,False,null);
insert into permission(division_id,department_id,designation_long_name,manager_dashboard_detail,admin_dashboard_detail,employee_dashboard_detail,fingerprint_import,myleave_update,myleave_delete,adminleave_register,absent_register,leave_approval_update,leave_approval_detail,leave_approval_search,leave_mgn_update,leave_mgn_delete,leave_mgn_search,leave_import,myot_update,myot_delete,myot_detail,otform_register,urgentotform_register,otapproval_update,otapproval_detail,otapproval_search,adminot_update,adminot_detail,adminot_search,employee_register,employeelist_update,employeelist_detail,employeelist_search,employeelist_upload,payrollmnt_search,payrollmnt_update,payrollmnt_detail,payrollmnt_export,payrollmnt_download,leavereport_update,leavereport_search,leavereport_export,absentreport_delete,absentreport_search,absentreport_export,officereport_update,officereport_search,policy_register,policy_update,policy_delete,mstmnt_register,mstmnt_update,mstmnt_delete,holiday_register,leavebalance_import,updated_date) values (1,2,'ジュニアシステムエンジニア',False,False,True,False,True,True,False,False,True,True,True,False,False,False,False,True,True,True,True,True,False,False,False,False,False,False,False,False,False,False,False,False,False,False,False,False,False,False,False,False,False,False,False,False,False,False,False,False,False,False,False,False,null);
insert into permission(division_id,department_id,designation_long_name,manager_dashboard_detail,admin_dashboard_detail,employee_dashboard_detail,fingerprint_import,myleave_update,myleave_delete,adminleave_register,absent_register,leave_approval_update,leave_approval_detail,leave_approval_search,leave_mgn_update,leave_mgn_delete,leave_mgn_search,leave_import,myot_update,myot_delete,myot_detail,otform_register,urgentotform_register,otapproval_update,otapproval_detail,otapproval_search,adminot_update,adminot_detail,adminot_search,employee_register,employeelist_update,employeelist_detail,employeelist_search,employeelist_upload,payrollmnt_search,payrollmnt_update,payrollmnt_detail,payrollmnt_export,payrollmnt_download,leavereport_update,leavereport_search,leavereport_export,absentreport_delete,absentreport_search,absentreport_export,officereport_update,officereport_search,policy_register,policy_update,policy_delete,mstmnt_register,mstmnt_update,mstmnt_delete,holiday_register,leavebalance_import,updated_date) values (1,2,'アシスタントプロジェクトマネージャー',True,False,True,False,True,True,False,False,True,True,True,False,False,False,False,False,False,False,False,False,True,True,True,False,False,False,False,False,False,False,False,False,False,False,False,False,False,False,False,False,False,False,False,False,False,False,False,False,False,False,False,False,null);
insert into permission(division_id,department_id,designation_long_name,manager_dashboard_detail,admin_dashboard_detail,employee_dashboard_detail,fingerprint_import,myleave_update,myleave_delete,adminleave_register,absent_register,leave_approval_update,leave_approval_detail,leave_approval_search,leave_mgn_update,leave_mgn_delete,leave_mgn_search,leave_import,myot_update,myot_delete,myot_detail,otform_register,urgentotform_register,otapproval_update,otapproval_detail,otapproval_search,adminot_update,adminot_detail,adminot_search,employee_register,employeelist_update,employeelist_detail,employeelist_search,employeelist_upload,payrollmnt_search,payrollmnt_update,payrollmnt_detail,payrollmnt_export,payrollmnt_download,leavereport_update,leavereport_search,leavereport_export,absentreport_delete,absentreport_search,absentreport_export,officereport_update,officereport_search,policy_register,policy_update,policy_delete,mstmnt_register,mstmnt_update,mstmnt_delete,holiday_register,leavebalance_import,updated_date) values (1,3,'チームリーダー',False,False,True,False,True,True,False,False,True,True,True,False,False,False,False,True,True,True,True,True,True,True,True,False,False,False,False,False,False,False,False,False,False,False,False,False,False,False,False,False,False,False,False,False,False,False,False,False,False,False,False,False,null);
insert into permission(division_id,department_id,designation_long_name,manager_dashboard_detail,admin_dashboard_detail,employee_dashboard_detail,fingerprint_import,myleave_update,myleave_delete,adminleave_register,absent_register,leave_approval_update,leave_approval_detail,leave_approval_search,leave_mgn_update,leave_mgn_delete,leave_mgn_search,leave_import,myot_update,myot_delete,myot_detail,otform_register,urgentotform_register,otapproval_update,otapproval_detail,otapproval_search,adminot_update,adminot_detail,adminot_search,employee_register,employeelist_update,employeelist_detail,employeelist_search,employeelist_upload,payrollmnt_search,payrollmnt_update,payrollmnt_detail,payrollmnt_export,payrollmnt_download,leavereport_update,leavereport_search,leavereport_export,absentreport_delete,absentreport_search,absentreport_export,officereport_update,officereport_search,policy_register,policy_update,policy_delete,mstmnt_register,mstmnt_update,mstmnt_delete,holiday_register,leavebalance_import,updated_date) values (1,3,'システムエンジニア',False,False,True,False,True,True,False,False,True,True,True,False,False,False,False,True,True,True,True,True,False,False,False,False,False,False,False,False,False,False,False,False,False,False,False,False,False,False,False,False,False,False,False,False,False,False,False,False,False,False,False,False,null);
insert into permission(division_id,department_id,designation_long_name,manager_dashboard_detail,admin_dashboard_detail,employee_dashboard_detail,fingerprint_import,myleave_update,myleave_delete,adminleave_register,absent_register,leave_approval_update,leave_approval_detail,leave_approval_search,leave_mgn_update,leave_mgn_delete,leave_mgn_search,leave_import,myot_update,myot_delete,myot_detail,otform_register,urgentotform_register,otapproval_update,otapproval_detail,otapproval_search,adminot_update,adminot_detail,adminot_search,employee_register,employeelist_update,employeelist_detail,employeelist_search,employeelist_upload,payrollmnt_search,payrollmnt_update,payrollmnt_detail,payrollmnt_export,payrollmnt_download,leavereport_update,leavereport_search,leavereport_export,absentreport_delete,absentreport_search,absentreport_export,officereport_update,officereport_search,policy_register,policy_update,policy_delete,mstmnt_register,mstmnt_update,mstmnt_delete,holiday_register,leavebalance_import,updated_date) values (1,3,'シニアシステムエンジニア',False,False,True,False,True,True,False,False,True,True,True,False,False,False,False,True,True,True,True,True,False,False,False,False,False,False,False,False,False,False,False,False,False,False,False,False,False,False,False,False,False,False,False,False,False,False,False,False,False,False,False,False,null);
insert into permission(division_id,department_id,designation_long_name,manager_dashboard_detail,admin_dashboard_detail,employee_dashboard_detail,fingerprint_import,myleave_update,myleave_delete,adminleave_register,absent_register,leave_approval_update,leave_approval_detail,leave_approval_search,leave_mgn_update,leave_mgn_delete,leave_mgn_search,leave_import,myot_update,myot_delete,myot_detail,otform_register,urgentotform_register,otapproval_update,otapproval_detail,otapproval_search,adminot_update,adminot_detail,adminot_search,employee_register,employeelist_update,employeelist_detail,employeelist_search,employeelist_upload,payrollmnt_search,payrollmnt_update,payrollmnt_detail,payrollmnt_export,payrollmnt_download,leavereport_update,leavereport_search,leavereport_export,absentreport_delete,absentreport_search,absentreport_export,officereport_update,officereport_search,policy_register,policy_update,policy_delete,mstmnt_register,mstmnt_update,mstmnt_delete,holiday_register,leavebalance_import,updated_date) values (1,3,'シニアマネージャー',True,False,True,False,True,True,False,False,True,True,True,False,False,False,False,False,False,False,False,False,True,True,True,False,False,False,False,False,False,False,False,False,False,False,False,False,False,False,False,False,False,False,False,False,False,False,False,False,False,False,False,False,null);
insert into permission(division_id,department_id,designation_long_name,manager_dashboard_detail,admin_dashboard_detail,employee_dashboard_detail,fingerprint_import,myleave_update,myleave_delete,adminleave_register,absent_register,leave_approval_update,leave_approval_detail,leave_approval_search,leave_mgn_update,leave_mgn_delete,leave_mgn_search,leave_import,myot_update,myot_delete,myot_detail,otform_register,urgentotform_register,otapproval_update,otapproval_detail,otapproval_search,adminot_update,adminot_detail,adminot_search,employee_register,employeelist_update,employeelist_detail,employeelist_search,employeelist_upload,payrollmnt_search,payrollmnt_update,payrollmnt_detail,payrollmnt_export,payrollmnt_download,leavereport_update,leavereport_search,leavereport_export,absentreport_delete,absentreport_search,absentreport_export,officereport_update,officereport_search,policy_register,policy_update,policy_delete,mstmnt_register,mstmnt_update,mstmnt_delete,holiday_register,leavebalance_import,updated_date) values (1,3,'プロジェクトマネージャ',True,False,True,False,True,True,False,False,True,True,True,False,False,False,False,False,False,False,False,False,True,True,True,False,False,False,False,False,False,False,False,False,False,False,False,False,False,False,False,False,False,False,False,False,False,False,False,False,False,False,False,False,null);
insert into permission(division_id,department_id,designation_long_name,manager_dashboard_detail,admin_dashboard_detail,employee_dashboard_detail,fingerprint_import,myleave_update,myleave_delete,adminleave_register,absent_register,leave_approval_update,leave_approval_detail,leave_approval_search,leave_mgn_update,leave_mgn_delete,leave_mgn_search,leave_import,myot_update,myot_delete,myot_detail,otform_register,urgentotform_register,otapproval_update,otapproval_detail,otapproval_search,adminot_update,adminot_detail,adminot_search,employee_register,employeelist_update,employeelist_detail,employeelist_search,employeelist_upload,payrollmnt_search,payrollmnt_update,payrollmnt_detail,payrollmnt_export,payrollmnt_download,leavereport_update,leavereport_search,leavereport_export,absentreport_delete,absentreport_search,absentreport_export,officereport_update,officereport_search,policy_register,policy_update,policy_delete,mstmnt_register,mstmnt_update,mstmnt_delete,holiday_register,leavebalance_import,updated_date) values (1,3,'プロジェクトリーダー',False,False,True,False,True,True,False,False,True,True,True,False,False,False,False,True,True,True,True,True,True,True,True,False,False,False,False,False,False,False,False,False,False,False,False,False,False,False,False,False,False,False,False,False,False,False,False,False,False,False,False,False,null);
insert into permission(division_id,department_id,designation_long_name,manager_dashboard_detail,admin_dashboard_detail,employee_dashboard_detail,fingerprint_import,myleave_update,myleave_delete,adminleave_register,absent_register,leave_approval_update,leave_approval_detail,leave_approval_search,leave_mgn_update,leave_mgn_delete,leave_mgn_search,leave_import,myot_update,myot_delete,myot_detail,otform_register,urgentotform_register,otapproval_update,otapproval_detail,otapproval_search,adminot_update,adminot_detail,adminot_search,employee_register,employeelist_update,employeelist_detail,employeelist_search,employeelist_upload,payrollmnt_search,payrollmnt_update,payrollmnt_detail,payrollmnt_export,payrollmnt_download,leavereport_update,leavereport_search,leavereport_export,absentreport_delete,absentreport_search,absentreport_export,officereport_update,officereport_search,policy_register,policy_update,policy_delete,mstmnt_register,mstmnt_update,mstmnt_delete,holiday_register,leavebalance_import,updated_date) values (1,3,'ジュニアシステムエンジニア',False,False,True,False,True,True,False,False,True,True,True,False,False,False,False,True,True,True,True,True,False,False,False,False,False,False,False,False,False,False,False,False,False,False,False,False,False,False,False,False,False,False,False,False,False,False,False,False,False,False,False,False,null);
insert into permission(division_id,department_id,designation_long_name,manager_dashboard_detail,admin_dashboard_detail,employee_dashboard_detail,fingerprint_import,myleave_update,myleave_delete,adminleave_register,absent_register,leave_approval_update,leave_approval_detail,leave_approval_search,leave_mgn_update,leave_mgn_delete,leave_mgn_search,leave_import,myot_update,myot_delete,myot_detail,otform_register,urgentotform_register,otapproval_update,otapproval_detail,otapproval_search,adminot_update,adminot_detail,adminot_search,employee_register,employeelist_update,employeelist_detail,employeelist_search,employeelist_upload,payrollmnt_search,payrollmnt_update,payrollmnt_detail,payrollmnt_export,payrollmnt_download,leavereport_update,leavereport_search,leavereport_export,absentreport_delete,absentreport_search,absentreport_export,officereport_update,officereport_search,policy_register,policy_update,policy_delete,mstmnt_register,mstmnt_update,mstmnt_delete,holiday_register,leavebalance_import,updated_date) values (1,3,'アシスタントプロジェクトマネージャー',True,False,True,False,True,True,False,False,True,True,True,False,False,False,False,False,False,False,False,False,True,True,True,False,False,False,False,False,False,False,False,False,False,False,False,False,False,False,False,False,False,False,False,False,False,False,False,False,False,False,False,False,null);
insert into permission(division_id,department_id,designation_long_name,manager_dashboard_detail,admin_dashboard_detail,employee_dashboard_detail,fingerprint_import,myleave_update,myleave_delete,adminleave_register,absent_register,leave_approval_update,leave_approval_detail,leave_approval_search,leave_mgn_update,leave_mgn_delete,leave_mgn_search,leave_import,myot_update,myot_delete,myot_detail,otform_register,urgentotform_register,otapproval_update,otapproval_detail,otapproval_search,adminot_update,adminot_detail,adminot_search,employee_register,employeelist_update,employeelist_detail,employeelist_search,employeelist_upload,payrollmnt_search,payrollmnt_update,payrollmnt_detail,payrollmnt_export,payrollmnt_download,leavereport_update,leavereport_search,leavereport_export,absentreport_delete,absentreport_search,absentreport_export,officereport_update,officereport_search,policy_register,policy_update,policy_delete,mstmnt_register,mstmnt_update,mstmnt_delete,holiday_register,leavebalance_import,updated_date) values (2,4,'シニアマネージャー',True,True,True,True,True,True,True,True,True,True,True,True,True,True,True,False,False,False,False,False,True,True,True,True,True,True,True,True,True,True,True,True,True,True,True,True,True,True,True,True,True,True,True,True,True,True,True,True,True,True,True,True,null);
insert into permission(division_id,department_id,designation_long_name,manager_dashboard_detail,admin_dashboard_detail,employee_dashboard_detail,fingerprint_import,myleave_update,myleave_delete,adminleave_register,absent_register,leave_approval_update,leave_approval_detail,leave_approval_search,leave_mgn_update,leave_mgn_delete,leave_mgn_search,leave_import,myot_update,myot_delete,myot_detail,otform_register,urgentotform_register,otapproval_update,otapproval_detail,otapproval_search,adminot_update,adminot_detail,adminot_search,employee_register,employeelist_update,employeelist_detail,employeelist_search,employeelist_upload,payrollmnt_search,payrollmnt_update,payrollmnt_detail,payrollmnt_export,payrollmnt_download,leavereport_update,leavereport_search,leavereport_export,absentreport_delete,absentreport_search,absentreport_export,officereport_update,officereport_search,policy_register,policy_update,policy_delete,mstmnt_register,mstmnt_update,mstmnt_delete,holiday_register,leavebalance_import,updated_date) values (2,4,'シニア人事管理者',False,True,True,True,True,True,True,True,True,True,True,True,True,True,True,True,True,True,True,True,True,True,True,True,True,True,True,True,True,True,True,True,True,True,True,True,True,True,True,True,True,True,True,True,True,True,True,True,True,True,True,True,null);
insert into permission(division_id,department_id,designation_long_name,manager_dashboard_detail,admin_dashboard_detail,employee_dashboard_detail,fingerprint_import,myleave_update,myleave_delete,adminleave_register,absent_register,leave_approval_update,leave_approval_detail,leave_approval_search,leave_mgn_update,leave_mgn_delete,leave_mgn_search,leave_import,myot_update,myot_delete,myot_detail,otform_register,urgentotform_register,otapproval_update,otapproval_detail,otapproval_search,adminot_update,adminot_detail,adminot_search,employee_register,employeelist_update,employeelist_detail,employeelist_search,employeelist_upload,payrollmnt_search,payrollmnt_update,payrollmnt_detail,payrollmnt_export,payrollmnt_download,leavereport_update,leavereport_search,leavereport_export,absentreport_delete,absentreport_search,absentreport_export,officereport_update,officereport_search,policy_register,policy_update,policy_delete,mstmnt_register,mstmnt_update,mstmnt_delete,holiday_register,leavebalance_import,updated_date) values (2,4,'人事マネージャー',True,True,True,True,True,True,True,True,True,True,True,True,True,True,True,False,False,False,False,False,True,True,True,True,True,True,True,True,True,True,True,True,True,True,True,True,True,True,True,True,True,True,True,True,True,True,True,True,True,True,True,True,null);
insert into permission(division_id,department_id,designation_long_name,manager_dashboard_detail,admin_dashboard_detail,employee_dashboard_detail,fingerprint_import,myleave_update,myleave_delete,adminleave_register,absent_register,leave_approval_update,leave_approval_detail,leave_approval_search,leave_mgn_update,leave_mgn_delete,leave_mgn_search,leave_import,myot_update,myot_delete,myot_detail,otform_register,urgentotform_register,otapproval_update,otapproval_detail,otapproval_search,adminot_update,adminot_detail,adminot_search,employee_register,employeelist_update,employeelist_detail,employeelist_search,employeelist_upload,payrollmnt_search,payrollmnt_update,payrollmnt_detail,payrollmnt_export,payrollmnt_download,leavereport_update,leavereport_search,leavereport_export,absentreport_delete,absentreport_search,absentreport_export,officereport_update,officereport_search,policy_register,policy_update,policy_delete,mstmnt_register,mstmnt_update,mstmnt_delete,holiday_register,leavebalance_import,updated_date) values (2,4,'人事管理者',False,True,True,True,True,True,True,True,True,True,True,True,True,True,True,True,True,True,True,True,False,False,False,True,True,True,True,True,True,True,True,True,True,True,True,True,True,True,True,True,True,True,True,True,True,True,True,True,True,True,True,True,null);
insert into permission(division_id,department_id,designation_long_name,manager_dashboard_detail,admin_dashboard_detail,employee_dashboard_detail,fingerprint_import,myleave_update,myleave_delete,adminleave_register,absent_register,leave_approval_update,leave_approval_detail,leave_approval_search,leave_mgn_update,leave_mgn_delete,leave_mgn_search,leave_import,myot_update,myot_delete,myot_detail,otform_register,urgentotform_register,otapproval_update,otapproval_detail,otapproval_search,adminot_update,adminot_detail,adminot_search,employee_register,employeelist_update,employeelist_detail,employeelist_search,employeelist_upload,payrollmnt_search,payrollmnt_update,payrollmnt_detail,payrollmnt_export,payrollmnt_download,leavereport_update,leavereport_search,leavereport_export,absentreport_delete,absentreport_search,absentreport_export,officereport_update,officereport_search,policy_register,policy_update,policy_delete,mstmnt_register,mstmnt_update,mstmnt_delete,holiday_register,leavebalance_import,updated_date) values (2,4,'最高人事管理者',False,True,True,True,True,True,True,True,True,True,True,True,True,True,True,True,True,True,True,True,False,False,False,True,True,True,True,True,True,True,True,True,True,True,True,True,True,True,True,True,True,True,True,True,True,True,True,True,True,True,True,True,null);
insert into permission(division_id,department_id,designation_long_name,manager_dashboard_detail,admin_dashboard_detail,employee_dashboard_detail,fingerprint_import,myleave_update,myleave_delete,adminleave_register,absent_register,leave_approval_update,leave_approval_detail,leave_approval_search,leave_mgn_update,leave_mgn_delete,leave_mgn_search,leave_import,myot_update,myot_delete,myot_detail,otform_register,urgentotform_register,otapproval_update,otapproval_detail,otapproval_search,adminot_update,adminot_detail,adminot_search,employee_register,employeelist_update,employeelist_detail,employeelist_search,employeelist_upload,payrollmnt_search,payrollmnt_update,payrollmnt_detail,payrollmnt_export,payrollmnt_download,leavereport_update,leavereport_search,leavereport_export,absentreport_delete,absentreport_search,absentreport_export,officereport_update,officereport_search,policy_register,policy_update,policy_delete,mstmnt_register,mstmnt_update,mstmnt_delete,holiday_register,leavebalance_import,updated_date) values (2,4,'アシスタント人事管理者',False,True,True,True,True,True,True,True,True,True,True,True,True,True,True,True,True,True,True,True,False,False,False,True,True,True,True,True,True,True,True,True,True,True,True,True,True,True,True,True,True,True,True,True,True,True,True,True,True,True,True,True,null);
insert into permission(division_id,department_id,designation_long_name,manager_dashboard_detail,admin_dashboard_detail,employee_dashboard_detail,fingerprint_import,myleave_update,myleave_delete,adminleave_register,absent_register,leave_approval_update,leave_approval_detail,leave_approval_search,leave_mgn_update,leave_mgn_delete,leave_mgn_search,leave_import,myot_update,myot_delete,myot_detail,otform_register,urgentotform_register,otapproval_update,otapproval_detail,otapproval_search,adminot_update,adminot_detail,adminot_search,employee_register,employeelist_update,employeelist_detail,employeelist_search,employeelist_upload,payrollmnt_search,payrollmnt_update,payrollmnt_detail,payrollmnt_export,payrollmnt_download,leavereport_update,leavereport_search,leavereport_export,absentreport_delete,absentreport_search,absentreport_export,officereport_update,officereport_search,policy_register,policy_update,policy_delete,mstmnt_register,mstmnt_update,mstmnt_delete,holiday_register,leavebalance_import,updated_date) values (2,4,'アシスタントチーフ人事管理者',False,True,True,True,True,True,True,True,True,True,True,True,True,True,True,True,True,True,True,True,False,False,False,True,True,True,True,True,True,True,True,True,True,True,True,True,True,True,True,True,True,True,True,True,True,True,True,True,True,True,True,True,null);
insert into permission(division_id,department_id,designation_long_name,manager_dashboard_detail,admin_dashboard_detail,employee_dashboard_detail,fingerprint_import,myleave_update,myleave_delete,adminleave_register,absent_register,leave_approval_update,leave_approval_detail,leave_approval_search,leave_mgn_update,leave_mgn_delete,leave_mgn_search,leave_import,myot_update,myot_delete,myot_detail,otform_register,urgentotform_register,otapproval_update,otapproval_detail,otapproval_search,adminot_update,adminot_detail,adminot_search,employee_register,employeelist_update,employeelist_detail,employeelist_search,employeelist_upload,payrollmnt_search,payrollmnt_update,payrollmnt_detail,payrollmnt_export,payrollmnt_download,leavereport_update,leavereport_search,leavereport_export,absentreport_delete,absentreport_search,absentreport_export,officereport_update,officereport_search,policy_register,policy_update,policy_delete,mstmnt_register,mstmnt_update,mstmnt_delete,holiday_register,leavebalance_import,updated_date) values (2,5,'シニアマネージャー',True,True,True,True,True,True,True,True,True,True,True,True,True,True,True,False,False,False,False,False,True,True,True,True,True,True,True,True,True,True,True,True,True,True,True,True,True,True,True,True,True,True,True,True,True,True,True,True,True,True,True,True,null);
insert into permission(division_id,department_id,designation_long_name,manager_dashboard_detail,admin_dashboard_detail,employee_dashboard_detail,fingerprint_import,myleave_update,myleave_delete,adminleave_register,absent_register,leave_approval_update,leave_approval_detail,leave_approval_search,leave_mgn_update,leave_mgn_delete,leave_mgn_search,leave_import,myot_update,myot_delete,myot_detail,otform_register,urgentotform_register,otapproval_update,otapproval_detail,otapproval_search,adminot_update,adminot_detail,adminot_search,employee_register,employeelist_update,employeelist_detail,employeelist_search,employeelist_upload,payrollmnt_search,payrollmnt_update,payrollmnt_detail,payrollmnt_export,payrollmnt_download,leavereport_update,leavereport_search,leavereport_export,absentreport_delete,absentreport_search,absentreport_export,officereport_update,officereport_search,policy_register,policy_update,policy_delete,mstmnt_register,mstmnt_update,mstmnt_delete,holiday_register,leavebalance_import,updated_date) values (2,5,'シニアアドミニストレーター',False,True,True,True,True,True,True,True,True,True,True,True,True,True,True,True,True,True,True,True,True,True,True,True,True,True,True,True,True,True,True,True,True,True,True,True,True,True,True,True,True,True,True,True,True,True,True,True,True,True,True,True,null);
insert into permission(division_id,department_id,designation_long_name,manager_dashboard_detail,admin_dashboard_detail,employee_dashboard_detail,fingerprint_import,myleave_update,myleave_delete,adminleave_register,absent_register,leave_approval_update,leave_approval_detail,leave_approval_search,leave_mgn_update,leave_mgn_delete,leave_mgn_search,leave_import,myot_update,myot_delete,myot_detail,otform_register,urgentotform_register,otapproval_update,otapproval_detail,otapproval_search,adminot_update,adminot_detail,adminot_search,employee_register,employeelist_update,employeelist_detail,employeelist_search,employeelist_upload,payrollmnt_search,payrollmnt_update,payrollmnt_detail,payrollmnt_export,payrollmnt_download,leavereport_update,leavereport_search,leavereport_export,absentreport_delete,absentreport_search,absentreport_export,officereport_update,officereport_search,policy_register,policy_update,policy_delete,mstmnt_register,mstmnt_update,mstmnt_delete,holiday_register,leavebalance_import,updated_date) values (2,5,'チーフアドミニストレーター',False,True,True,True,True,True,True,True,True,True,True,True,True,True,True,True,True,True,True,True,False,False,False,True,True,True,True,True,True,True,True,True,True,True,True,True,True,True,True,True,True,True,True,True,True,True,True,True,True,True,True,True,null);
insert into permission(division_id,department_id,designation_long_name,manager_dashboard_detail,admin_dashboard_detail,employee_dashboard_detail,fingerprint_import,myleave_update,myleave_delete,adminleave_register,absent_register,leave_approval_update,leave_approval_detail,leave_approval_search,leave_mgn_update,leave_mgn_delete,leave_mgn_search,leave_import,myot_update,myot_delete,myot_detail,otform_register,urgentotform_register,otapproval_update,otapproval_detail,otapproval_search,adminot_update,adminot_detail,adminot_search,employee_register,employeelist_update,employeelist_detail,employeelist_search,employeelist_upload,payrollmnt_search,payrollmnt_update,payrollmnt_detail,payrollmnt_export,payrollmnt_download,leavereport_update,leavereport_search,leavereport_export,absentreport_delete,absentreport_search,absentreport_export,officereport_update,officereport_search,policy_register,policy_update,policy_delete,mstmnt_register,mstmnt_update,mstmnt_delete,holiday_register,leavebalance_import,updated_date) values (2,5,'アシスタントチーフアドミニストレーター',False,True,True,True,True,True,True,True,True,True,True,True,True,True,True,True,True,True,True,True,False,False,False,True,True,True,True,True,True,True,True,True,True,True,True,True,True,True,True,True,True,True,True,True,True,True,True,True,True,True,True,True,null);
insert into permission(division_id,department_id,designation_long_name,manager_dashboard_detail,admin_dashboard_detail,employee_dashboard_detail,fingerprint_import,myleave_update,myleave_delete,adminleave_register,absent_register,leave_approval_update,leave_approval_detail,leave_approval_search,leave_mgn_update,leave_mgn_delete,leave_mgn_search,leave_import,myot_update,myot_delete,myot_detail,otform_register,urgentotform_register,otapproval_update,otapproval_detail,otapproval_search,adminot_update,adminot_detail,adminot_search,employee_register,employeelist_update,employeelist_detail,employeelist_search,employeelist_upload,payrollmnt_search,payrollmnt_update,payrollmnt_detail,payrollmnt_export,payrollmnt_download,leavereport_update,leavereport_search,leavereport_export,absentreport_delete,absentreport_search,absentreport_export,officereport_update,officereport_search,policy_register,policy_update,policy_delete,mstmnt_register,mstmnt_update,mstmnt_delete,holiday_register,leavebalance_import,updated_date) values (2,5,'アシスタントアドミニストレーター',False,True,True,True,True,True,True,True,True,True,True,True,True,True,True,True,True,True,True,True,False,False,False,True,True,True,True,True,True,True,True,True,True,True,True,True,True,True,True,True,True,True,True,True,True,True,True,True,True,True,True,True,null);
insert into permission(division_id,department_id,designation_long_name,manager_dashboard_detail,admin_dashboard_detail,employee_dashboard_detail,fingerprint_import,myleave_update,myleave_delete,adminleave_register,absent_register,leave_approval_update,leave_approval_detail,leave_approval_search,leave_mgn_update,leave_mgn_delete,leave_mgn_search,leave_import,myot_update,myot_delete,myot_detail,otform_register,urgentotform_register,otapproval_update,otapproval_detail,otapproval_search,adminot_update,adminot_detail,adminot_search,employee_register,employeelist_update,employeelist_detail,employeelist_search,employeelist_upload,payrollmnt_search,payrollmnt_update,payrollmnt_detail,payrollmnt_export,payrollmnt_download,leavereport_update,leavereport_search,leavereport_export,absentreport_delete,absentreport_search,absentreport_export,officereport_update,officereport_search,policy_register,policy_update,policy_delete,mstmnt_register,mstmnt_update,mstmnt_delete,holiday_register,leavebalance_import,updated_date) values (2,5,'アドミニストレーター',False,True,True,True,True,True,True,True,True,True,True,True,True,True,True,True,True,True,True,True,False,False,False,True,True,True,True,True,True,True,True,True,True,True,True,True,True,True,True,True,True,True,True,True,True,True,True,True,True,True,True,True,null);
insert into permission(division_id,department_id,designation_long_name,manager_dashboard_detail,admin_dashboard_detail,employee_dashboard_detail,fingerprint_import,myleave_update,myleave_delete,adminleave_register,absent_register,leave_approval_update,leave_approval_detail,leave_approval_search,leave_mgn_update,leave_mgn_delete,leave_mgn_search,leave_import,myot_update,myot_delete,myot_detail,otform_register,urgentotform_register,otapproval_update,otapproval_detail,otapproval_search,adminot_update,adminot_detail,adminot_search,employee_register,employeelist_update,employeelist_detail,employeelist_search,employeelist_upload,payrollmnt_search,payrollmnt_update,payrollmnt_detail,payrollmnt_export,payrollmnt_download,leavereport_update,leavereport_search,leavereport_export,absentreport_delete,absentreport_search,absentreport_export,officereport_update,officereport_search,policy_register,policy_update,policy_delete,mstmnt_register,mstmnt_update,mstmnt_delete,holiday_register,leavebalance_import,updated_date) values (2,5,'管理マネージャー',True,True,True,True,True,True,True,True,True,True,True,True,True,True,True,False,False,False,False,False,True,True,True,True,True,True,True,True,True,True,True,True,True,True,True,True,True,True,True,True,True,True,True,True,True,True,True,True,True,True,True,True,null);
insert into permission(division_id,department_id,designation_long_name,manager_dashboard_detail,admin_dashboard_detail,employee_dashboard_detail,fingerprint_import,myleave_update,myleave_delete,adminleave_register,absent_register,leave_approval_update,leave_approval_detail,leave_approval_search,leave_mgn_update,leave_mgn_delete,leave_mgn_search,leave_import,myot_update,myot_delete,myot_detail,otform_register,urgentotform_register,otapproval_update,otapproval_detail,otapproval_search,adminot_update,adminot_detail,adminot_search,employee_register,employeelist_update,employeelist_detail,employeelist_search,employeelist_upload,payrollmnt_search,payrollmnt_update,payrollmnt_detail,payrollmnt_export,payrollmnt_download,leavereport_update,leavereport_search,leavereport_export,absentreport_delete,absentreport_search,absentreport_export,officereport_update,officereport_search,policy_register,policy_update,policy_delete,mstmnt_register,mstmnt_update,mstmnt_delete,holiday_register,leavebalance_import,updated_date) values (2,6,'チームリーダー',False,False,True,False,True,True,False,False,True,True,True,False,False,False,False,True,True,True,True,True,True,True,True,False,False,False,False,False,False,False,False,False,False,False,False,False,False,False,False,False,False,False,False,False,False,False,False,False,False,False,False,False,null);
insert into permission(division_id,department_id,designation_long_name,manager_dashboard_detail,admin_dashboard_detail,employee_dashboard_detail,fingerprint_import,myleave_update,myleave_delete,adminleave_register,absent_register,leave_approval_update,leave_approval_detail,leave_approval_search,leave_mgn_update,leave_mgn_delete,leave_mgn_search,leave_import,myot_update,myot_delete,myot_detail,otform_register,urgentotform_register,otapproval_update,otapproval_detail,otapproval_search,adminot_update,adminot_detail,adminot_search,employee_register,employeelist_update,employeelist_detail,employeelist_search,employeelist_upload,payrollmnt_search,payrollmnt_update,payrollmnt_detail,payrollmnt_export,payrollmnt_download,leavereport_update,leavereport_search,leavereport_export,absentreport_delete,absentreport_search,absentreport_export,officereport_update,officereport_search,policy_register,policy_update,policy_delete,mstmnt_register,mstmnt_update,mstmnt_delete,holiday_register,leavebalance_import,updated_date) values (2,6,'シニアハードウェアおよびネットワークエンジニア',False,False,True,False,True,True,False,False,True,True,True,False,False,False,False,True,True,True,True,True,False,False,False,False,False,False,False,False,False,False,False,False,False,False,False,False,False,False,False,False,False,False,False,False,False,False,False,False,False,False,False,False,null);
insert into permission(division_id,department_id,designation_long_name,manager_dashboard_detail,admin_dashboard_detail,employee_dashboard_detail,fingerprint_import,myleave_update,myleave_delete,adminleave_register,absent_register,leave_approval_update,leave_approval_detail,leave_approval_search,leave_mgn_update,leave_mgn_delete,leave_mgn_search,leave_import,myot_update,myot_delete,myot_detail,otform_register,urgentotform_register,otapproval_update,otapproval_detail,otapproval_search,adminot_update,adminot_detail,adminot_search,employee_register,employeelist_update,employeelist_detail,employeelist_search,employeelist_upload,payrollmnt_search,payrollmnt_update,payrollmnt_detail,payrollmnt_export,payrollmnt_download,leavereport_update,leavereport_search,leavereport_export,absentreport_delete,absentreport_search,absentreport_export,officereport_update,officereport_search,policy_register,policy_update,policy_delete,mstmnt_register,mstmnt_update,mstmnt_delete,holiday_register,leavebalance_import,updated_date) values (2,6,'ジュニアハードウェア＆ネットワークエンジニア',False,False,True,False,True,True,False,False,True,True,True,False,False,False,False,True,True,True,True,True,False,False,False,False,False,False,False,False,False,False,False,False,False,False,False,False,False,False,False,False,False,False,False,False,False,False,False,False,False,False,False,False,null);
insert into permission(division_id,department_id,designation_long_name,manager_dashboard_detail,admin_dashboard_detail,employee_dashboard_detail,fingerprint_import,myleave_update,myleave_delete,adminleave_register,absent_register,leave_approval_update,leave_approval_detail,leave_approval_search,leave_mgn_update,leave_mgn_delete,leave_mgn_search,leave_import,myot_update,myot_delete,myot_detail,otform_register,urgentotform_register,otapproval_update,otapproval_detail,otapproval_search,adminot_update,adminot_detail,adminot_search,employee_register,employeelist_update,employeelist_detail,employeelist_search,employeelist_upload,payrollmnt_search,payrollmnt_update,payrollmnt_detail,payrollmnt_export,payrollmnt_download,leavereport_update,leavereport_search,leavereport_export,absentreport_delete,absentreport_search,absentreport_export,officereport_update,officereport_search,policy_register,policy_update,policy_delete,mstmnt_register,mstmnt_update,mstmnt_delete,holiday_register,leavebalance_import,updated_date) values (2,6,'ハードウェアおよびネットワークエンジニア',False,False,True,False,True,True,False,False,True,True,True,False,False,False,False,True,True,True,True,True,False,False,False,False,False,False,False,False,False,False,False,False,False,False,False,False,False,False,False,False,False,False,False,False,False,False,False,False,False,False,False,False,null);
insert into permission(division_id,department_id,designation_long_name,manager_dashboard_detail,admin_dashboard_detail,employee_dashboard_detail,fingerprint_import,myleave_update,myleave_delete,adminleave_register,absent_register,leave_approval_update,leave_approval_detail,leave_approval_search,leave_mgn_update,leave_mgn_delete,leave_mgn_search,leave_import,myot_update,myot_delete,myot_detail,otform_register,urgentotform_register,otapproval_update,otapproval_detail,otapproval_search,adminot_update,adminot_detail,adminot_search,employee_register,employeelist_update,employeelist_detail,employeelist_search,employeelist_upload,payrollmnt_search,payrollmnt_update,payrollmnt_detail,payrollmnt_export,payrollmnt_download,leavereport_update,leavereport_search,leavereport_export,absentreport_delete,absentreport_search,absentreport_export,officereport_update,officereport_search,policy_register,policy_update,policy_delete,mstmnt_register,mstmnt_update,mstmnt_delete,holiday_register,leavebalance_import,updated_date) values (3,7,'シニアマネージャー',True,False,True,False,True,True,False,False,True,True,True,False,False,False,False,False,False,False,False,False,True,True,True,False,False,False,False,False,False,False,False,False,False,False,False,False,False,False,False,False,False,False,False,False,False,False,False,False,False,False,False,False,null);
insert into permission(division_id,department_id,designation_long_name,manager_dashboard_detail,admin_dashboard_detail,employee_dashboard_detail,fingerprint_import,myleave_update,myleave_delete,adminleave_register,absent_register,leave_approval_update,leave_approval_detail,leave_approval_search,leave_mgn_update,leave_mgn_delete,leave_mgn_search,leave_import,myot_update,myot_delete,myot_detail,otform_register,urgentotform_register,otapproval_update,otapproval_detail,otapproval_search,adminot_update,adminot_detail,adminot_search,employee_register,employeelist_update,employeelist_detail,employeelist_search,employeelist_upload,payrollmnt_search,payrollmnt_update,payrollmnt_detail,payrollmnt_export,payrollmnt_download,leavereport_update,leavereport_search,leavereport_export,absentreport_delete,absentreport_search,absentreport_export,officereport_update,officereport_search,policy_register,policy_update,policy_delete,mstmnt_register,mstmnt_update,mstmnt_delete,holiday_register,leavebalance_import,updated_date) values (3,7,'シニアビジネスアドミニストレーター',False,False,True,False,True,True,False,False,True,True,True,False,False,False,False,True,True,True,True,True,True,True,True,False,False,False,False,False,False,False,False,False,False,False,False,False,False,False,False,False,False,False,False,False,False,False,False,False,False,False,False,False,null);
insert into permission(division_id,department_id,designation_long_name,manager_dashboard_detail,admin_dashboard_detail,employee_dashboard_detail,fingerprint_import,myleave_update,myleave_delete,adminleave_register,absent_register,leave_approval_update,leave_approval_detail,leave_approval_search,leave_mgn_update,leave_mgn_delete,leave_mgn_search,leave_import,myot_update,myot_delete,myot_detail,otform_register,urgentotform_register,otapproval_update,otapproval_detail,otapproval_search,adminot_update,adminot_detail,adminot_search,employee_register,employeelist_update,employeelist_detail,employeelist_search,employeelist_upload,payrollmnt_search,payrollmnt_update,payrollmnt_detail,payrollmnt_export,payrollmnt_download,leavereport_update,leavereport_search,leavereport_export,absentreport_delete,absentreport_search,absentreport_export,officereport_update,officereport_search,policy_register,policy_update,policy_delete,mstmnt_register,mstmnt_update,mstmnt_delete,holiday_register,leavebalance_import,updated_date) values (3,7,'営業マネージャー',True,False,True,False,True,True,False,False,True,True,True,False,False,False,False,False,False,False,False,False,True,True,True,False,False,False,False,False,False,False,False,False,False,False,False,False,False,False,False,False,False,False,False,False,False,False,False,False,False,False,False,False,null);
insert into permission(division_id,department_id,designation_long_name,manager_dashboard_detail,admin_dashboard_detail,employee_dashboard_detail,fingerprint_import,myleave_update,myleave_delete,adminleave_register,absent_register,leave_approval_update,leave_approval_detail,leave_approval_search,leave_mgn_update,leave_mgn_delete,leave_mgn_search,leave_import,myot_update,myot_delete,myot_detail,otform_register,urgentotform_register,otapproval_update,otapproval_detail,otapproval_search,adminot_update,adminot_detail,adminot_search,employee_register,employeelist_update,employeelist_detail,employeelist_search,employeelist_upload,payrollmnt_search,payrollmnt_update,payrollmnt_detail,payrollmnt_export,payrollmnt_download,leavereport_update,leavereport_search,leavereport_export,absentreport_delete,absentreport_search,absentreport_export,officereport_update,officereport_search,policy_register,policy_update,policy_delete,mstmnt_register,mstmnt_update,mstmnt_delete,holiday_register,leavebalance_import,updated_date) values (3,7,'チーフビジネスアドミニストレーター',False,False,True,False,True,True,False,False,True,True,True,False,False,False,False,True,True,True,True,True,False,False,False,False,False,False,False,False,False,False,False,False,False,False,False,False,False,False,False,False,False,False,False,False,False,False,False,False,False,False,False,False,null);
insert into permission(division_id,department_id,designation_long_name,manager_dashboard_detail,admin_dashboard_detail,employee_dashboard_detail,fingerprint_import,myleave_update,myleave_delete,adminleave_register,absent_register,leave_approval_update,leave_approval_detail,leave_approval_search,leave_mgn_update,leave_mgn_delete,leave_mgn_search,leave_import,myot_update,myot_delete,myot_detail,otform_register,urgentotform_register,otapproval_update,otapproval_detail,otapproval_search,adminot_update,adminot_detail,adminot_search,employee_register,employeelist_update,employeelist_detail,employeelist_search,employeelist_upload,payrollmnt_search,payrollmnt_update,payrollmnt_detail,payrollmnt_export,payrollmnt_download,leavereport_update,leavereport_search,leavereport_export,absentreport_delete,absentreport_search,absentreport_export,officereport_update,officereport_search,policy_register,policy_update,policy_delete,mstmnt_register,mstmnt_update,mstmnt_delete,holiday_register,leavebalance_import,updated_date) values (4,8,'シニアマネージャー',True,False,True,False,True,True,False,False,True,True,True,False,False,False,False,False,False,False,False,False,True,True,True,False,False,False,False,False,False,False,False,False,False,False,False,False,False,False,False,False,False,False,False,False,False,False,False,False,False,False,False,False,null);
insert into permission(division_id,department_id,designation_long_name,manager_dashboard_detail,admin_dashboard_detail,employee_dashboard_detail,fingerprint_import,myleave_update,myleave_delete,adminleave_register,absent_register,leave_approval_update,leave_approval_detail,leave_approval_search,leave_mgn_update,leave_mgn_delete,leave_mgn_search,leave_import,myot_update,myot_delete,myot_detail,otform_register,urgentotform_register,otapproval_update,otapproval_detail,otapproval_search,adminot_update,adminot_detail,adminot_search,employee_register,employeelist_update,employeelist_detail,employeelist_search,employeelist_upload,payrollmnt_search,payrollmnt_update,payrollmnt_detail,payrollmnt_export,payrollmnt_download,leavereport_update,leavereport_search,leavereport_export,absentreport_delete,absentreport_search,absentreport_export,officereport_update,officereport_search,policy_register,policy_update,policy_delete,mstmnt_register,mstmnt_update,mstmnt_delete,holiday_register,leavebalance_import,updated_date) values (4,8,'シニア会計士',False,False,True,False,True,True,False,False,True,True,True,False,False,False,False,True,True,True,True,True,True,True,True,False,False,False,False,False,False,False,False,False,False,False,False,False,False,False,False,False,False,False,False,False,False,False,False,False,False,False,False,False,null);
insert into permission(division_id,department_id,designation_long_name,manager_dashboard_detail,admin_dashboard_detail,employee_dashboard_detail,fingerprint_import,myleave_update,myleave_delete,adminleave_register,absent_register,leave_approval_update,leave_approval_detail,leave_approval_search,leave_mgn_update,leave_mgn_delete,leave_mgn_search,leave_import,myot_update,myot_delete,myot_detail,otform_register,urgentotform_register,otapproval_update,otapproval_detail,otapproval_search,adminot_update,adminot_detail,adminot_search,employee_register,employeelist_update,employeelist_detail,employeelist_search,employeelist_upload,payrollmnt_search,payrollmnt_update,payrollmnt_detail,payrollmnt_export,payrollmnt_download,leavereport_update,leavereport_search,leavereport_export,absentreport_delete,absentreport_search,absentreport_export,officereport_update,officereport_search,policy_register,policy_update,policy_delete,mstmnt_register,mstmnt_update,mstmnt_delete,holiday_register,leavebalance_import,updated_date) values (4,8,'会計主任',False,False,True,False,True,True,False,False,True,True,True,False,False,False,False,True,True,True,True,True,False,False,False,False,False,False,False,False,False,False,False,False,False,False,False,False,False,False,False,False,False,False,False,False,False,False,False,False,False,False,False,False,null);
insert into permission(division_id,department_id,designation_long_name,manager_dashboard_detail,admin_dashboard_detail,employee_dashboard_detail,fingerprint_import,myleave_update,myleave_delete,adminleave_register,absent_register,leave_approval_update,leave_approval_detail,leave_approval_search,leave_mgn_update,leave_mgn_delete,leave_mgn_search,leave_import,myot_update,myot_delete,myot_detail,otform_register,urgentotform_register,otapproval_update,otapproval_detail,otapproval_search,adminot_update,adminot_detail,adminot_search,employee_register,employeelist_update,employeelist_detail,employeelist_search,employeelist_upload,payrollmnt_search,payrollmnt_update,payrollmnt_detail,payrollmnt_export,payrollmnt_download,leavereport_update,leavereport_search,leavereport_export,absentreport_delete,absentreport_search,absentreport_export,officereport_update,officereport_search,policy_register,policy_update,policy_delete,mstmnt_register,mstmnt_update,mstmnt_delete,holiday_register,leavebalance_import,updated_date) values (4,8,'アシスタントチーフ会計士',False,False,True,False,True,True,False,False,True,True,True,False,False,False,False,True,True,True,True,True,False,False,False,False,False,False,False,False,False,False,False,False,False,False,False,False,False,False,False,False,False,False,False,False,False,False,False,False,False,False,False,False,null);
insert into permission(division_id,department_id,designation_long_name,manager_dashboard_detail,admin_dashboard_detail,employee_dashboard_detail,fingerprint_import,myleave_update,myleave_delete,adminleave_register,absent_register,leave_approval_update,leave_approval_detail,leave_approval_search,leave_mgn_update,leave_mgn_delete,leave_mgn_search,leave_import,myot_update,myot_delete,myot_detail,otform_register,urgentotform_register,otapproval_update,otapproval_detail,otapproval_search,adminot_update,adminot_detail,adminot_search,employee_register,employeelist_update,employeelist_detail,employeelist_search,employeelist_upload,payrollmnt_search,payrollmnt_update,payrollmnt_detail,payrollmnt_export,payrollmnt_download,leavereport_update,leavereport_search,leavereport_export,absentreport_delete,absentreport_search,absentreport_export,officereport_update,officereport_search,policy_register,policy_update,policy_delete,mstmnt_register,mstmnt_update,mstmnt_delete,holiday_register,leavebalance_import,updated_date) values (4,8,'アシスタント会計士',False,False,True,False,True,True,False,False,True,True,True,False,False,False,False,True,True,True,True,True,False,False,False,False,False,False,False,False,False,False,False,False,False,False,False,False,False,False,False,False,False,False,False,False,False,False,False,False,False,False,False,False,null);
insert into permission(division_id,department_id,designation_long_name,manager_dashboard_detail,admin_dashboard_detail,employee_dashboard_detail,fingerprint_import,myleave_update,myleave_delete,adminleave_register,absent_register,leave_approval_update,leave_approval_detail,leave_approval_search,leave_mgn_update,leave_mgn_delete,leave_mgn_search,leave_import,myot_update,myot_delete,myot_detail,otform_register,urgentotform_register,otapproval_update,otapproval_detail,otapproval_search,adminot_update,adminot_detail,adminot_search,employee_register,employeelist_update,employeelist_detail,employeelist_search,employeelist_upload,payrollmnt_search,payrollmnt_update,payrollmnt_detail,payrollmnt_export,payrollmnt_download,leavereport_update,leavereport_search,leavereport_export,absentreport_delete,absentreport_search,absentreport_export,officereport_update,officereport_search,policy_register,policy_update,policy_delete,mstmnt_register,mstmnt_update,mstmnt_delete,holiday_register,leavebalance_import,updated_date) values (4,8,'会計士',False,False,True,False,True,True,False,False,True,True,True,False,False,False,False,True,True,True,True,True,False,False,False,False,False,False,False,False,False,False,False,False,False,False,False,False,False,False,False,False,False,False,False,False,False,False,False,False,False,False,False,False,null);
insert into permission(division_id,department_id,designation_long_name,manager_dashboard_detail,admin_dashboard_detail,employee_dashboard_detail,fingerprint_import,myleave_update,myleave_delete,adminleave_register,absent_register,leave_approval_update,leave_approval_detail,leave_approval_search,leave_mgn_update,leave_mgn_delete,leave_mgn_search,leave_import,myot_update,myot_delete,myot_detail,otform_register,urgentotform_register,otapproval_update,otapproval_detail,otapproval_search,adminot_update,adminot_detail,adminot_search,employee_register,employeelist_update,employeelist_detail,employeelist_search,employeelist_upload,payrollmnt_search,payrollmnt_update,payrollmnt_detail,payrollmnt_export,payrollmnt_download,leavereport_update,leavereport_search,leavereport_export,absentreport_delete,absentreport_search,absentreport_export,officereport_update,officereport_search,policy_register,policy_update,policy_delete,mstmnt_register,mstmnt_update,mstmnt_delete,holiday_register,leavebalance_import,updated_date) values (5,9,'副社長',True,True,True,True,True,True,True,True,True,True,True,True,True,True,True,True,True,True,True,True,True,True,True,True,True,True,True,True,True,True,True,True,True,True,True,True,True,True,True,True,True,True,True,True,True,True,True,True,True,True,True,True,null);
insert into permission(division_id,department_id,designation_long_name,manager_dashboard_detail,admin_dashboard_detail,employee_dashboard_detail,fingerprint_import,myleave_update,myleave_delete,adminleave_register,absent_register,leave_approval_update,leave_approval_detail,leave_approval_search,leave_mgn_update,leave_mgn_delete,leave_mgn_search,leave_import,myot_update,myot_delete,myot_detail,otform_register,urgentotform_register,otapproval_update,otapproval_detail,otapproval_search,adminot_update,adminot_detail,adminot_search,employee_register,employeelist_update,employeelist_detail,employeelist_search,employeelist_upload,payrollmnt_search,payrollmnt_update,payrollmnt_detail,payrollmnt_export,payrollmnt_download,leavereport_update,leavereport_search,leavereport_export,absentreport_delete,absentreport_search,absentreport_export,officereport_update,officereport_search,policy_register,policy_update,policy_delete,mstmnt_register,mstmnt_update,mstmnt_delete,holiday_register,leavebalance_import,updated_date) values (5,9,'社長',True,True,True,True,True,True,True,True,True,True,True,True,True,True,True,True,True,True,True,True,True,True,True,True,True,True,True,True,True,True,True,True,True,True,True,True,True,True,True,True,True,True,True,True,True,True,True,True,True,True,True,True,null);
insert into permission(division_id,department_id,designation_long_name,manager_dashboard_detail,admin_dashboard_detail,employee_dashboard_detail,fingerprint_import,myleave_update,myleave_delete,adminleave_register,absent_register,leave_approval_update,leave_approval_detail,leave_approval_search,leave_mgn_update,leave_mgn_delete,leave_mgn_search,leave_import,myot_update,myot_delete,myot_detail,otform_register,urgentotform_register,otapproval_update,otapproval_detail,otapproval_search,adminot_update,adminot_detail,adminot_search,employee_register,employeelist_update,employeelist_detail,employeelist_search,employeelist_upload,payrollmnt_search,payrollmnt_update,payrollmnt_detail,payrollmnt_export,payrollmnt_download,leavereport_update,leavereport_search,leavereport_export,absentreport_delete,absentreport_search,absentreport_export,officereport_update,officereport_search,policy_register,policy_update,policy_delete,mstmnt_register,mstmnt_update,mstmnt_delete,holiday_register,leavebalance_import,updated_date) values (2,10,'日本語講師',False,False,True,False,True,True,False,False,True,True,True,False,False,False,False,True,True,True,True,True,True,True,True,False,False,False,False,False,False,False,False,False,False,False,False,False,False,False,False,False,False,False,False,False,False,False,False,False,False,False,False,False,null);

--Policy Timeline
DELETE FROM policy_timeline;
INSERT INTO policy_timeline(timeline_name, start_term, end_term, updated_date) VALUES
('Leave Year', '10', '09', '10/23/2020 3:17:32 PM');

--Employee
DELETE FROM employee;
insert into employee values ('2','Jar Lwin','wmesk0tuHU/wX2bBvvDZknTj+LuDvkUOhvFi/Y40Cv8=','2','Ww4kq90oYTgxWkKESUdHzQ==','12/12/2020','O5xC+OxySL7MXVPANLmO2Q==',35,'Pfde3UU1R9Kmnbxa8OWrXw==','02','01',2,0,'060014    ','1','2/2/2011',8,'01','yPke9Lg7H10NYthGqk+pXQ==','jtMhzZaG01W451BS7HCPfw==','VFSEUDl12gblZPZcs+9ixw==',2,'4,5','HR Manager','cdhy1u5dyJzew9ZTbCA74g==','cdhy1u5dyJzew9ZTbCA74g==','co ho','MBA','tBXaRuRy94DHEd0X2kze+A==','tBXaRuRy94DHEd0X2kze+A==','WqM1KV6AOWaGqY8mEGPpYQ==','fC+ZZlFp/mHAa/iONb0axA==',NULL);
insert into employee values ('6','SaSalesJar Asa','XNcM41lXt4fjWxw9ynUl2nTj+LuDvkUOhvFi/Y40Cv8=','12','ccw+kjIsykgFe4yNdJHrMw==','12/12/2020','bKDstaP1vQwQ57sVaYxNCg==',32,'Nv+i6uUYhyItMNffL5nRIw==','01','01',2,0,'060013    ','1','2/2/2018',2,'01','yPke9Lg7H10NYthGqk+pXQ==','/Ba6Oah67fP6cTrL5fjz9w==','VFSEUDl12gblZPZcs+9ixw==',1,'2','Senior Manager','cdhy1u5dyJzew9ZTbCA74g==','cdhy1u5dyJzew9ZTbCA74g==','co ho','NIT','D5BbVuR2GhLFXrV3PYb/6Q==','QRXCu9vEnHPksx3Svw4iTw==','WqM1KV6AOWaGqY8mEGPpYQ==','fC+ZZlFp/mHAa/iONb0axA==',NULL);
insert into employee values ('13','Asst Ad May','jf/SIyzQyDfW8vPsw4dERHTj+LuDvkUOhvFi/Y40Cv8=','15','MuJoLKxwpmvBceJ5OP7/3g==','12/12/2020','OMe5W4qDkjVYXFP3ji8a6w==',27,'2BEM+LZEFSe5KdxggRnBHg==','02','01',2,0,'060023    ','1','2/2/2018',5,'01','yPke9Lg7H10NYthGqk+pXQ==','/Ba6Oah67fP6cTrL5fjz9w==','VFSEUDl12gblZPZcs+9ixw==',2,'5','Assistant Administrator','WTf3lB1SFO/rdv/GLnjMew==','WTf3lB1SFO/rdv/GLnjMew==','Jar Lwin','TTU','yNJphq94YxYch2tTCergKA==','V5t/rZEVxsqNedcyC5HvIw==','WqM1KV6AOWaGqY8mEGPpYQ==','fC+ZZlFp/mHAa/iONb0axA==',NULL);
insert into employee values ('14','Acc Mai','Ft4anOWQX87yNiRgUMw7mXTj+LuDvkUOhvFi/Y40Cv8=','3','Vk3ozVDSnRB5G/rAliuzVg==','12/12/2020','hIB2aKTv5RC2MSP/fqBdNw==',27,'2BEM+LZEFSe5KdxggRnBHg==','02','01',2,0,'060024    ','1','2/2/2013',5,'01','yPke9Lg7H10NYthGqk+pXQ==','/Rwy5XO60L23wClsajCOkQ==','VFSEUDl12gblZPZcs+9ixw==',4,'8','Accountant','WTf3lB1SFO/rdv/GLnjMew==','WTf3lB1SFO/rdv/GLnjMew==','Jar Lwin','UEC','yNJphq94YxYch2tTCergKA==','V5t/rZEVxsqNedcyC5HvIw==','WqM1KV6AOWaGqY8mEGPpYQ==','fC+ZZlFp/mHAa/iONb0axA==',NULL);
insert into employee values ('1','co ho','eS5FaTtTfP76nh1kzjoxiw==','13','mbmK7ZsRKVtnTcAB8q7f3g==','12/12/2022','m7HV2cXyLNDv9ryJYOWEsA==',47,'hgAQA2VIpfa/HV/z0OYhdw==','01','02',2,2,'051000    ','1','2/2/2018',2,'01','yPke9Lg7H10NYthGqk+pXQ==','bOMA/CHgQciMLGbqojt8Ig==','rQG5ORijYAy/d3Tb0k7Fyg==',5,'9','CEO','8tqsDLJDGgq7iDR6+TFqYg==','8tqsDLJDGgq7iDR6+TFqYg==','-','JPNIT','D5BbVuR2GhLFXrV3PYb/6Q==','QRXCu9vEnHPksx3Svw4iTw==','WqM1KV6AOWaGqY8mEGPpYQ==','fC+ZZlFp/mHAa/iONb0axA==',NULL);
insert into employee values ('16','Pa Pa Zaw3','1w4VEmfQ81b5jNr5H/TCIHTj+LuDvkUOhvFi/Y40Cv8=','8','XR9ofkhc63/z8kJzZ7VYrQ==','12/12/2020','Iq19x1wp14frPips1wEW+A==',27,'2BEM+LZEFSe5KdxggRnBHg==','01','02',2,0,'060026    ','1','2/2/2014',7,'01','yPke9Lg7H10NYthGqk+pXQ==','Qxo5yeZ33Ii8yXGRzADnUw==','VFSEUDl12gblZPZcs+9ixw==',1,'3','Project Leader','0PDDfLHBQQUho8L8xDH6Cw==','0PDDfLHBQQUho8L8xDH6Cw==','Jar Khin','UCSY','asjVMa79dMjCWWYXb+mzKw==','/io56MqbAXRQrHsjI5i6Ww==','WqM1KV6AOWaGqY8mEGPpYQ==','fC+ZZlFp/mHAa/iONb0axA==',NULL);
insert into employee values ('17','Asst Jar Jar Win2','P0GE1uP8/erHXYjIWvdCP3Tj+LuDvkUOhvFi/Y40Cv8=','8','ODxT0E5dHxurG9T1Wywqow==','12/12/2020','qGAfpZeOaIEaeT5zSYVUPg==',27,'Nv+i6uUYhyItMNffL5nRIw==','02','02',2,0,'060027    ','1','2/2/2014',7,'01','yPke9Lg7H10NYthGqk+pXQ==','Qxo5yeZ33Ii8yXGRzADnUw==','VFSEUDl12gblZPZcs+9ixw==',1,'2','Project Leader','0PDDfLHBQQUho8L8xDH6Cw==','0PDDfLHBQQUho8L8xDH6Cw==','Jar Khin','UCSY','asjVMa79dMjCWWYXb+mzKw==','/io56MqbAXRQrHsjI5i6Ww==','WqM1KV6AOWaGqY8mEGPpYQ==','fC+ZZlFp/mHAa/iONb0axA==',NULL);
insert into employee values ('3','Jar Yoe','DMQTIwBgfHoANxmaq6SxjnTj+LuDvkUOhvFi/Y40Cv8=','2','ntX+s6HhF2e7Ryp3Uy6Dtg==','12/12/2020','aoDiHZn+MelX+Ft7qpzZzg==',32,'x4o0cZnzNnYtIk3IsqerHg==','02','01',2,0,'060015    ','1','2/2/2011',8,'01','yPke9Lg7H10NYthGqk+pXQ==','jtMhzZaG01W451BS7HCPfw==','VFSEUDl12gblZPZcs+9ixw==',1,'1','Senior Manager','cdhy1u5dyJzew9ZTbCA74g==','cdhy1u5dyJzew9ZTbCA74g==','co ho','UCSY','tBXaRuRy94DHEd0X2kze+A==','QRXCu9vEnHPksx3Svw4iTw==','WqM1KV6AOWaGqY8mEGPpYQ==','fC+ZZlFp/mHAa/iONb0axA==',NULL);
insert into employee values ('4','Jar Khin','Zm4cIT6PAaf0nn9D7VYrqHTj+LuDvkUOhvFi/Y40Cv8=','14','ntX+s6HhF2e7Ryp3Uy6Dtg==','12/12/2020','s6jpC8bgoZCAgVOgqG/1Qg==',34,'N4aHOdQEo05tb4DB725L4w==','02','01',2,0,'060016    ','1','2/2/2011',2,'01','yPke9Lg7H10NYthGqk+pXQ==','jtMhzZaG01W451BS7HCPfw==','VFSEUDl12gblZPZcs+9ixw==',1,'2','Project Manager','cdhy1u5dyJzew9ZTbCA74g==','cdhy1u5dyJzew9ZTbCA74g==','co ho','UCSY','tBXaRuRy94DHEd0X2kze+A==','QRXCu9vEnHPksx3Svw4iTw==','WqM1KV6AOWaGqY8mEGPpYQ==','fC+ZZlFp/mHAa/iONb0axA==',NULL);
insert into employee values ('8','CHrAd Aoki','5gaNRmUlJ1arWNu8/piZpXTj+LuDvkUOhvFi/Y40Cv8=','2','Ms83gDo5nmISUbVK+b4V4g==','12/12/2020','BYj8ik5iBIcb982IEMfbTw==',34,'KZUxduJWL2492V6lPSZXwQ==','02','01',2,0,'060018    ','1','2/2/2011',8,'01','yPke9Lg7H10NYthGqk+pXQ==','jtMhzZaG01W451BS7HCPfw==','VFSEUDl12gblZPZcs+9ixw==',2,'4','Chief HR Administrator','sSVgTHSuVnGiT+LnZe/U0Q==','sSVgTHSuVnGiT+LnZe/U0Q==','co ho','UFL','MMaTPJvqswOm/3Ky+HBTyg==','z32ALkTFlNk+41OfjXHpKA==','WqM1KV6AOWaGqY8mEGPpYQ==','fC+ZZlFp/mHAa/iONb0axA==',NULL);
insert into employee values ('5','VP Sa Sa','Qbrr+YS0+dAps04n37TFTHTj+LuDvkUOhvFi/Y40Cv8=','15','LZj5XLEQjz47BPjHmYN7IA==','12/12/2020','wb46skzCI9jEEgcuf18hOw==',39,'r13tBcWYuqoR+z7SbF2Eyw==','01','02',2,1,'060012    ','1','2/2/2018',2,'01','yPke9Lg7H10NYthGqk+pXQ==','bOMA/CHgQciMLGbqojt8Ig==','rQG5ORijYAy/d3Tb0k7Fyg==',5,'9','Vice President','xiEVVQ3pbN12Zkj8MgTbLw==','xiEVVQ3pbN12Zkj8MgTbLw==','co ho','JPNIT','D5BbVuR2GhLFXrV3PYb/6Q==','QRXCu9vEnHPksx3Svw4iTw==','WqM1KV6AOWaGqY8mEGPpYQ==','fC+ZZlFp/mHAa/iONb0axA==',NULL);
insert into employee values ('12','Admin Mi','YYaEpHWTEuyYMKtg4U7ennTj+LuDvkUOhvFi/Y40Cv8=','12','I7H2YvU0GSdN7h5EEASitA==','12/12/2020','S0QuIVb2/wOjvsUX20TRxw==',27,'2BEM+LZEFSe5KdxggRnBHg==','02','01',2,0,'060022    ','1','2/2/2015',5,'01','yPke9Lg7H10NYthGqk+pXQ==','ME0qW02HTaPP8lVnvR7blw==','VFSEUDl12gblZPZcs+9ixw==',2,'5','Administrator','WTf3lB1SFO/rdv/GLnjMew==','WTf3lB1SFO/rdv/GLnjMew==','Jar Lwin','UFL','yNJphq94YxYch2tTCergKA==','V5t/rZEVxsqNedcyC5HvIw==','WqM1KV6AOWaGqY8mEGPpYQ==','fC+ZZlFp/mHAa/iONb0axA==',NULL);
insert into employee values ('7','SaleJar Thin','uvIvMxZQ6QeLLTILAEjiEw==','2','INOgWrXb5sbzIfHWbH4V0Q==','12/12/2020','BUXX7zKE6MuBIN0daXaHhA==',24,'nB8yINFMxlqhn4XY29sCSA==','02','01',2,0,'060017    ','1','2/2/2011',8,'01','yPke9Lg7H10NYthGqk+pXQ==','jtMhzZaG01W451BS7HCPfw==','VFSEUDl12gblZPZcs+9ixw==',3,'7','Sale Manager','cdhy1u5dyJzew9ZTbCA74g==','cdhy1u5dyJzew9ZTbCA74g==','co ho','Dagon University','geamQWVP7x26WqoIdks6sA==','yTi90D1HtOoPficiUfraqA==','WqM1KV6AOWaGqY8mEGPpYQ==','fC+ZZlFp/mHAa/iONb0axA==',NULL);
insert into employee values ('15','Asst Ad Yu','OGGUD85AKeodEARqKRUwu3Tj+LuDvkUOhvFi/Y40Cv8=','14','lp+n4tTXWdGFlUYcdWY/mw==','12/12/2020','UbnB52WLW68ABnV2dq4+4Q==',27,'2BEM+LZEFSe5KdxggRnBHg==','02','01',2,0,'060025    ','1','2/2/2018',5,'01','yPke9Lg7H10NYthGqk+pXQ==','/Ba6Oah67fP6cTrL5fjz9w==','VFSEUDl12gblZPZcs+9ixw==',2,'4','Assistant Administrator','WTf3lB1SFO/rdv/GLnjMew==','WTf3lB1SFO/rdv/GLnjMew==','Jar Lwin','MBA','yNJphq94YxYch2tTCergKA==','V5t/rZEVxsqNedcyC5HvIw==','WqM1KV6AOWaGqY8mEGPpYQ==','fC+ZZlFp/mHAa/iONb0axA==',NULL);
insert into employee values ('23','Ja Ja Htun3','LkKMC1KlSuwdvf4NGfTLc3Tj+LuDvkUOhvFi/Y40Cv8=','15','sFhPheOMEH/KH8l0uA8mFg==','12/12/2020','MA9fJliJnp0+SppVpnw9/g==',30,'Nv+i6uUYhyItMNffL5nRIw==','01','01',2,0,'060033    ','1','2/2/2017',3,'01','yPke9Lg7H10NYthGqk+pXQ==','fK6qF+Tn8j33V36fyuZvyQ==','VFSEUDl12gblZPZcs+9ixw==',1,'3','Junior System Engineer','NtOgiings7c+zbHopIEFiA==','NtOgiings7c+zbHopIEFiA==','Jar Khin','UCSY','9+cobUGYmJPxoOy9VUxagA==','g+yK+KxLMRwjnxIOGdwgQg==','SMlWVAKGYDzZzkAKPUcFBw==','CmDHMBgWUex/rIG3K0HFYQ==',NULL);
insert into employee values ('25','Sa Sa Naw3','HAY/hTm5hFRjyC1xNF+l4XTj+LuDvkUOhvFi/Y40Cv8=','6','JFSWP6KdpXfXPmGuUwcmUA==','12/12/2020','VnBSRMeCO4KbqAOvIXjWZw==',30,'nB8yINFMxlqhn4XY29sCSA==','02','01',2,0,'060035    ','1','2/2/2017',7,'01','yPke9Lg7H10NYthGqk+pXQ==','fK6qF+Tn8j33V36fyuZvyQ==','VFSEUDl12gblZPZcs+9ixw==',1,'3','Senior System Engineer','WTf3lB1SFO/rdv/GLnjMew==','WTf3lB1SFO/rdv/GLnjMew==','Jar Khin','UCSY','10tSe8JI85NjnikO2nKrew==','XeAktOSRaD4xLOEc3lb26Q==','WqM1KV6AOWaGqY8mEGPpYQ==','fC+ZZlFp/mHAa/iONb0axA==',NULL);
insert into employee values ('24','Sa Sa Thi2','2/jO4Trei7W9NsaWdUOxgHTj+LuDvkUOhvFi/Y40Cv8=','6','+uod8h6BW1upkVhg/I6+EA==','12/12/2020','OPrX3k4eELQS6wAkJYFBQQ==',30,'nB8yINFMxlqhn4XY29sCSA==','02','01',2,0,'060034    ','1','2/2/2014',7,'01','yPke9Lg7H10NYthGqk+pXQ==','Qxo5yeZ33Ii8yXGRzADnUw==','VFSEUDl12gblZPZcs+9ixw==',1,'2','Senior System Engineer','WTf3lB1SFO/rdv/GLnjMew==','WTf3lB1SFO/rdv/GLnjMew==','Jar Khin','UCSY','10tSe8JI85NjnikO2nKrew==','XeAktOSRaD4xLOEc3lb26Q==','WqM1KV6AOWaGqY8mEGPpYQ==','fC+ZZlFp/mHAa/iONb0axA==',NULL);
insert into employee values ('27','Ja Ja Aung1','+Tpa0R4lKTolGDzER/q+rXTj+LuDvkUOhvFi/Y40Cv8=','15','niuAcia0sHB6Lh3hBDtU8w==','12/12/2020','AKf7IfeoHsfjq/fUGZ5ZjA==',25,'nB8yINFMxlqhn4XY29sCSA==','02','01',2,0,'060037    ','1','2/2/2019',4,'01','yPke9Lg7H10NYthGqk+pXQ==','4I73uvKE78e1kBbmci9iJA==','VFSEUDl12gblZPZcs+9ixw==',1,'1','Junior System Engineer','zZ8rN6/0x7RcTAriG06lOA==','zZ8rN6/0x7RcTAriG06lOA==','Jar Khin','UCSY','yLvDRTe7Z19jtuE1vdxrJg==','yNJphq94YxYch2tTCergKA==','WqM1KV6AOWaGqY8mEGPpYQ==','fC+ZZlFp/mHAa/iONb0axA==',NULL);
insert into employee values ('26','Si Si Hay1','OQ+cSiJBlaUTOyf7EhyO+nTj+LuDvkUOhvFi/Y40Cv8=','11','ld61aAO7uEcDeX0+RMZ4kA==','2/2/2021','FO4QSGBX6RXuAoRnm3CAGw==',27,'nB8yINFMxlqhn4XY29sCSA==','02','01',2,0,'060036    ','1','2/2/2015',5,'01','yPke9Lg7H10NYthGqk+pXQ==','ME0qW02HTaPP8lVnvR7blw==','VFSEUDl12gblZPZcs+9ixw==',1,'1','System Engineer','zZ8rN6/0x7RcTAriG06lOA==','zZ8rN6/0x7RcTAriG06lOA==','Jar Khin','UCSY','yLvDRTe7Z19jtuE1vdxrJg==','yNJphq94YxYch2tTCergKA==','WqM1KV6AOWaGqY8mEGPpYQ==','fC+ZZlFp/mHAa/iONb0axA==',NULL);
insert into employee values ('28','Sa Sa Lwin1','EvymH9zlb000uncTg/LFb3Tj+LuDvkUOhvFi/Y40Cv8=','16','9cYQptda47U0TyBeW4p4xw==','12/12/2020','1MNBbOecpwzTE34ywaTzSw==',25,'nB8yINFMxlqhn4XY29sCSA==','01','01',2,0,'060038    ','1','2/2/2019',3,'01','yPke9Lg7H10NYthGqk+pXQ==','4I73uvKE78e1kBbmci9iJA==','VFSEUDl12gblZPZcs+9ixw==',1,'1','Senior System Engineer','NtOgiings7c+zbHopIEFiA==','NtOgiings7c+zbHopIEFiA==','Jar Khin','UCSY','9+cobUGYmJPxoOy9VUxagA==','g+yK+KxLMRwjnxIOGdwgQg==','SMlWVAKGYDzZzkAKPUcFBw==','CmDHMBgWUex/rIG3K0HFYQ==',NULL);
insert into employee values ('29','SaBizAd Myo','koDoNGtQ5B9X7BNeVxGUUnTj+LuDvkUOhvFi/Y40Cv8=','16','HuaCtRLzQvXt3bwzqyYwew==','12/12/2020','ZEJo2QKplKMrkPZ3jxPzwQ==',25,'nB8yINFMxlqhn4XY29sCSA==','01','01',2,0,'060039    ','1','2/2/2019',3,'01','yPke9Lg7H10NYthGqk+pXQ==','4I73uvKE78e1kBbmci9iJA==','VFSEUDl12gblZPZcs+9ixw==',3,'7','Senior Business Administrator','NtOgiings7c+zbHopIEFiA==','NtOgiings7c+zbHopIEFiA==','Jar Khin','UCSY','9+cobUGYmJPxoOy9VUxagA==','g+yK+KxLMRwjnxIOGdwgQg==','SMlWVAKGYDzZzkAKPUcFBw==','CmDHMBgWUex/rIG3K0HFYQ==',NULL);
insert into employee values ('30','CBizAd Hnin','JxHQTeTbhvFXWley8AOIXXTj+LuDvkUOhvFi/Y40Cv8=','11','HuaCtRLzQvXt3bwzqyYwew==','2/2/2021','FFHf+wlFoCF2qmDyk9rkqw==',27,'nB8yINFMxlqhn4XY29sCSA==','02','01',2,0,'060040    ','1','2/2/2014',5,'01','yPke9Lg7H10NYthGqk+pXQ==','Qxo5yeZ33Ii8yXGRzADnUw==','VFSEUDl12gblZPZcs+9ixw==',3,'7','Chief Business Administrator','zZ8rN6/0x7RcTAriG06lOA==','zZ8rN6/0x7RcTAriG06lOA==','Jar Khin','YTU','yLvDRTe7Z19jtuE1vdxrJg==','yNJphq94YxYch2tTCergKA==','WqM1KV6AOWaGqY8mEGPpYQ==','fC+ZZlFp/mHAa/iONb0axA==',NULL);
insert into employee values ('32','AsstCHRAd Wint','Kt457WhANqTAFBAl8E3/tXTj+LuDvkUOhvFi/Y40Cv8=','6','QO+z1QxZLAdnXSP1g3BcQw==','12/12/2020','AZ9yZURLGq/SfS3ILk5yog==',31,'x4o0cZnzNnYtIk3IsqerHg==','02','01',2,0,'060042    ','1','2/2/2013',7,'01','yPke9Lg7H10NYthGqk+pXQ==','/Rwy5XO60L23wClsajCOkQ==','VFSEUDl12gblZPZcs+9ixw==',2,'4','Assistant Chief HR Administrator','0PDDfLHBQQUho8L8xDH6Cw==','0PDDfLHBQQUho8L8xDH6Cw==','Jar Yoe','YTU','asjVMa79dMjCWWYXb+mzKw==','/io56MqbAXRQrHsjI5i6Ww==','WqM1KV6AOWaGqY8mEGPpYQ==','fC+ZZlFp/mHAa/iONb0axA==',NULL);
insert into employee values ('31','Pa Pa Thit1','l12buAwDzJxSkrnYCxbTyXTj+LuDvkUOhvFi/Y40Cv8=','5','3K4S+SWnvfPlh8kND6Bxbg==','12/12/2020','aLZVCRgmMM6uaom7nw3Log==',31,'x4o0cZnzNnYtIk3IsqerHg==','02','01',2,0,'060041    ','1','2/2/2017',7,'01','yPke9Lg7H10NYthGqk+pXQ==','fK6qF+Tn8j33V36fyuZvyQ==','VFSEUDl12gblZPZcs+9ixw==',1,'1','Project Leader','0PDDfLHBQQUho8L8xDH6Cw==','0PDDfLHBQQUho8L8xDH6Cw==','Jar Yoe','YTU','asjVMa79dMjCWWYXb+mzKw==','/io56MqbAXRQrHsjI5i6Ww==','WqM1KV6AOWaGqY8mEGPpYQ==','fC+ZZlFp/mHAa/iONb0axA==',NULL);
insert into employee values ('18','Tar Tar Kaung2','sJgETuBW0m+ZqAO2XA08N3Tj+LuDvkUOhvFi/Y40Cv8=','5','Abb5Wm3EFCci+t4uV5mV7g==','12/12/2020','z8MQys9nN11HJW+K8OS0JQ==',35,'Nv+i6uUYhyItMNffL5nRIw==','01','01',2,0,'060028    ','1','2/2/2014',7,'01','yPke9Lg7H10NYthGqk+pXQ==','Qxo5yeZ33Ii8yXGRzADnUw==','VFSEUDl12gblZPZcs+9ixw==',1,'2','Team Leader','0PDDfLHBQQUho8L8xDH6Cw==','0PDDfLHBQQUho8L8xDH6Cw==','Jar Khin','UCSY','asjVMa79dMjCWWYXb+mzKw==','/io56MqbAXRQrHsjI5i6Ww==','WqM1KV6AOWaGqY8mEGPpYQ==','fC+ZZlFp/mHAa/iONb0axA==',NULL);
insert into employee values ('19','Tar Tar Kaung3','w3TRYDlyAZ9EAUIby4PlGXTj+LuDvkUOhvFi/Y40Cv8=','7','lqIXWV2hwAH6xV4B7MpzeQ==','12/12/2020','JweiCEiM4zZifqjjyIyvqw==',35,'Nv+i6uUYhyItMNffL5nRIw==','01','02',2,0,'060029    ','1','2/2/2014',7,'01','yPke9Lg7H10NYthGqk+pXQ==','Qxo5yeZ33Ii8yXGRzADnUw==','VFSEUDl12gblZPZcs+9ixw==',1,'2','Team Leader','0PDDfLHBQQUho8L8xDH6Cw==','0PDDfLHBQQUho8L8xDH6Cw==','Jar Khin','UCSY','asjVMa79dMjCWWYXb+mzKw==','/io56MqbAXRQrHsjI5i6Ww==','WqM1KV6AOWaGqY8mEGPpYQ==','fC+ZZlFp/mHAa/iONb0axA==',NULL);
insert into employee values ('21','Si Si May3','mt2hp6+vNByZ6X/RMSZ6H3Tj+LuDvkUOhvFi/Y40Cv8=','11','bSHxCHChyk1hNvKotu7ghw==','12/12/2020','NJP1IU9y9HC/5ilZU+wFPA==',27,'Nv+i6uUYhyItMNffL5nRIw==','02','01',2,0,'060031    ','1','2/2/2015',5,'01','yPke9Lg7H10NYthGqk+pXQ==','ME0qW02HTaPP8lVnvR7blw==','VFSEUDl12gblZPZcs+9ixw==',1,'3','System Engineer','zZ8rN6/0x7RcTAriG06lOA==','zZ8rN6/0x7RcTAriG06lOA==','Jar Khin','UCSY','yLvDRTe7Z19jtuE1vdxrJg==','yNJphq94YxYch2tTCergKA==','WqM1KV6AOWaGqY8mEGPpYQ==','fC+ZZlFp/mHAa/iONb0axA==',NULL);
insert into employee values ('20','Si Si Mya2','jPFYbEkDgyQkAMJBDIOThHTj+LuDvkUOhvFi/Y40Cv8=','10','zCbk6gGO0qFY5rzI1nugDg==','2/2/2021','TSjbLZ4xHtFAdpnLUBTjYg==',25,'Nv+i6uUYhyItMNffL5nRIw==','02','01',2,0,'060030    ','1','2/2/2015',6,'01','yPke9Lg7H10NYthGqk+pXQ==','ME0qW02HTaPP8lVnvR7blw==','VFSEUDl12gblZPZcs+9ixw==',1,'2','System Engineer','zZ8rN6/0x7RcTAriG06lOA==','zZ8rN6/0x7RcTAriG06lOA==','Jar Khin','UCSY','yLvDRTe7Z19jtuE1vdxrJg==','yNJphq94YxYch2tTCergKA==','WqM1KV6AOWaGqY8mEGPpYQ==','fC+ZZlFp/mHAa/iONb0axA==',NULL);
insert into employee values ('41','AsstCAcc Linn','Rsv4WwRdtJ9PfRVq0olhc3Tj+LuDvkUOhvFi/Y40Cv8=','5','x4dlMNIb+q74T2E235vBzA==','12/12/2020','KB/e/BanFp+Lw3DegpXzFA==',28,'x4o0cZnzNnYtIk3IsqerHg==','02','01',2,0,'060051    ','1','2/2/2014',6,'01','yPke9Lg7H10NYthGqk+pXQ==','Qxo5yeZ33Ii8yXGRzADnUw==','VFSEUDl12gblZPZcs+9ixw==',4,'8','Assistant Chief Accountant','WTf3lB1SFO/rdv/GLnjMew==','WTf3lB1SFO/rdv/GLnjMew==','Jar Yoe','UCSY','10tSe8JI85NjnikO2nKrew==','XeAktOSRaD4xLOEc3lb26Q==','WqM1KV6AOWaGqY8mEGPpYQ==','fC+ZZlFp/mHAa/iONb0axA==',NULL);
insert into employee values ('36','SaAccJar Chit','nRzoGDcgGtdbuGn3Y/F9qHTj+LuDvkUOhvFi/Y40Cv8==','3','VpCwAJI6F4bCuyvaDdn6tA==','12/12/2020','TuPI1fBEl+lwYNgkHyVdeA==',35,'x4o0cZnzNnYtIk3IsqerHg==','02','01',2,0,'060046    ','1','2/2/2012',8,'01','yPke9Lg7H10NYthGqk+pXQ==','2ajYDBOEI9M/haI8wggWBA==','VFSEUDl12gblZPZcs+9ixw==',4,'8','Senior Manager','WTf3lB1SFO/rdv/GLnjMew==','WTf3lB1SFO/rdv/GLnjMew==','Jar Yoe','UCSY','10tSe8JI85NjnikO2nKrew==','XeAktOSRaD4xLOEc3lb26Q==','WqM1KV6AOWaGqY8mEGPpYQ==','fC+ZZlFp/mHAa/iONb0axA==',NULL);
insert into employee values ('46','AdSaSa Jar Sai','2Rue49J+2ElyjYCaAgC/hHTj+LuDvkUOhvFi/Y40Cv8=','14','wuwaPWWJxcl+V0Z74oIN+g==','12/12/2020','9eTm62Oqe/WHahG9Jivg6A==',22,'x4o0cZnzNnYtIk3IsqerHg==','01','01',2,0,'058000    ','1','2/2/2018',2,'01','yPke9Lg7H10NYthGqk+pXQ==','/Ba6Oah67fP6cTrL5fjz9w==','VFSEUDl12gblZPZcs+9ixw==',2,'4','Senior Manager','NtOgiings7c+zbHopIEFiA==','NtOgiings7c+zbHopIEFiA==','Jar Yoe','UCSY','9+cobUGYmJPxoOy9VUxagA==','g+yK+KxLMRwjnxIOGdwgQg==','SMlWVAKGYDzZzkAKPUcFBw==','CmDHMBgWUex/rIG3K0HFYQ==',NULL);
insert into employee values ('43','CAd Lwin','dHODq4zu5DQw0r9P8RIt5nTj+LuDvkUOhvFi/Y40Cv8=','14','zviZyhVB+cv3k3kZgNumBA==','12/12/2020','7Org8hn1uRYy7V4rBVg//g==',25,'x4o0cZnzNnYtIk3IsqerHg==','02','01',2,0,'057549    ','1','2/2/2018',2,'01','yPke9Lg7H10NYthGqk+pXQ==','/Ba6Oah67fP6cTrL5fjz9w==','VFSEUDl12gblZPZcs+9ixw==',2,'4','Chief Administrator','zZ8rN6/0x7RcTAriG06lOA==','zZ8rN6/0x7RcTAriG06lOA==','Jar Yoe','UCSY','yLvDRTe7Z19jtuE1vdxrJg==','yNJphq94YxYch2tTCergKA==','WqM1KV6AOWaGqY8mEGPpYQ==','fC+ZZlFp/mHAa/iONb0axA==',NULL);
insert into employee values ('44','AsstCAd Aung','GnXuu9qLGETbgsAyl1hjnXTj+LuDvkUOhvFi/Y40Cv8=RosIVdeoWyKDBDkgAjTgwHTj+LuDvkUOhvFi/Y40Cv8=','13','zpUBY7OxtrW8p/vNKE7s6Q==','12/12/2020','ln3Kzz/JvLTSW01tksaIRA==',22,'x4o0cZnzNnYtIk3IsqerHg==','02','01',2,0,'057447    ','1','2/2/2017',3,'01','yPke9Lg7H10NYthGqk+pXQ==','fK6qF+Tn8j33V36fyuZvyQ==','VFSEUDl12gblZPZcs+9ixw==',2,'4','Assistant Chief Administrator','zZ8rN6/0x7RcTAriG06lOA==','zZ8rN6/0x7RcTAriG06lOA==','Jar Yoe','UCSY','yLvDRTe7Z19jtuE1vdxrJg==','yNJphq94YxYch2tTCergKA==','WqM1KV6AOWaGqY8mEGPpYQ==','fC+ZZlFp/mHAa/iONb0axA==',NULL);
insert into employee values ('40','CAcc May','WnEP3ieLmkYqdf6AzFCc6nTj+LuDvkUOhvFi/Y40Cv8=','8','WOv6CKwG8gtS74yEYhn9Ig==','12/12/2020','slAex2abh/X4wO3DEav6ag==',28,'x4o0cZnzNnYtIk3IsqerHg==','02','01',2,0,'060050    ','1','2/2/2014',6,'01','yPke9Lg7H10NYthGqk+pXQ==','Qxo5yeZ33Ii8yXGRzADnUw==','VFSEUDl12gblZPZcs+9ixw==',4,'8','Chief Accountant','WTf3lB1SFO/rdv/GLnjMew==','WTf3lB1SFO/rdv/GLnjMew==','Jar Yoe','UCSY','10tSe8JI85NjnikO2nKrew==','XeAktOSRaD4xLOEc3lb26Q==','WqM1KV6AOWaGqY8mEGPpYQ==','fC+ZZlFp/mHAa/iONb0axA==',NULL);
insert into employee values ('42','SaSaAcc Thida','Xbue0H/JzHOcti7ZlEBH9XTj+LuDvkUOhvFi/Y40Cv8=','14','ntX+s6HhF2e7Ryp3Uy6Dtg==','12/12/2020','V1m/ecX1IjICsYmAZhPTWQ=',28,'x4o0cZnzNnYtIk3IsqerHg==','02','01',2,0,'060052    ','1','2/2/2018',2,'01','yPke9Lg7H10NYthGqk+pXQ==','/Ba6Oah67fP6cTrL5fjz9w==','VFSEUDl12gblZPZcs+9ixw==',4,'8','Senior Accountant','zZ8rN6/0x7RcTAriG06lOA==','zZ8rN6/0x7RcTAriG06lOA==','Jar Yoe','UCSY','yLvDRTe7Z19jtuE1vdxrJg==','yNJphq94YxYch2tTCergKA==','WqM1KV6AOWaGqY8mEGPpYQ==','fC+ZZlFp/mHAa/iONb0axA==',NULL);
insert into employee values ('38','Asst Jar Cho1','n9ljvY+NOdFV44DbDG+6lnTj+LuDvkUOhvFi/Y40Cv8=','4','Eym50xZsl1DQhCAFQBHF+Q==','12/12/2020','7+Lq5yXVk90gfltbahSGGg==',32,'x4o0cZnzNnYtIk3IsqerHg==','02','01',2,0,'060048    ','1','2/2/2017',3,'01','yPke9Lg7H10NYthGqk+pXQ==','fK6qF+Tn8j33V36fyuZvyQ==','VFSEUDl12gblZPZcs+9ixw==',1,'1','Senior System Engineer','WTf3lB1SFO/rdv/GLnjMew==','WTf3lB1SFO/rdv/GLnjMew==','Jar Yoe','UCSY','10tSe8JI85NjnikO2nKrew==','XeAktOSRaD4xLOEc3lb26Q==','WqM1KV6AOWaGqY8mEGPpYQ==','fC+ZZlFp/mHAa/iONb0axA==',NULL);
insert into employee values ('45','AdJar Yan','RosIVdeoWyKDBDkgAjTgwHTj+LuDvkUOhvFi/Y40Cv8=','12','sho+BBY8g+UWjc4ztR0r5Q==','12/12/2020','3hqdbtMpFaA08Y8xE9AJfQ==',25,'x4o0cZnzNnYtIk3IsqerHg==','01','01',2,0,'057229    ','1','2/2/2017',3,'01','yPke9Lg7H10NYthGqk+pXQ==','fK6qF+Tn8j33V36fyuZvyQ==','VFSEUDl12gblZPZcs+9ixw==',2,'4','Admin Manager','zZ8rN6/0x7RcTAriG06lOA==','zZ8rN6/0x7RcTAriG06lOA==','Jar Yoe','UCSY','yLvDRTe7Z19jtuE1vdxrJg==','yNJphq94YxYch2tTCergKA==','WqM1KV6AOWaGqY8mEGPpYQ==','fC+ZZlFp/mHAa/iONb0axA==',NULL);
insert into employee values ('35','SaSaHr Jar Myint','+HS8HkKn4in9XPbV6nzmeXTj+LuDvkUOhvFi/Y40Cv8=','5','QDC4W3qklyePuw6DOhE1IQ==','12/12/2020','z8MQys9nN11HJW+K8OS0JQ==',35,'x4o0cZnzNnYtIk3IsqerHg==','01','01',2,0,'060045    ','1','2/2/2012',8,'01','yPke9Lg7H10NYthGqk+pXQ==','2ajYDBOEI9M/haI8wggWBA==','VFSEUDl12gblZPZcs+9ixw==',2,'4','Senior Manager','0PDDfLHBQQUho8L8xDH6Cw==','0PDDfLHBQQUho8L8xDH6Cw==','Jar Yoe','UCSY','asjVMa79dMjCWWYXb+mzKw==','/io56MqbAXRQrHsjI5i6Ww==','WqM1KV6AOWaGqY8mEGPpYQ==','fC+ZZlFp/mHAa/iONb0axA==',NULL);
insert into employee values ('47','AsstAcc Nay','5N2ShHaQSRrsQ8K5w2nU53Tj+LuDvkUOhvFi/Y40Cv8=','15','0mi89P2pb9BJdz0ylhEc+Q==','12/12/2020','ZzphETJKogr2j6T5t+KS6A==',24,'x4o0cZnzNnYtIk3IsqerHg==','01','01',2,0,'060057    ','1','2/2/2018',2,'01','yPke9Lg7H10NYthGqk+pXQ==','/Ba6Oah67fP6cTrL5fjz9w==','VFSEUDl12gblZPZcs+9ixw==',4,'8','Assistant Accountant','NtOgiings7c+zbHopIEFiA==','NtOgiings7c+zbHopIEFiA==','Jar Yoe','UCSY','9+cobUGYmJPxoOy9VUxagA==','g+yK+KxLMRwjnxIOGdwgQg==','SMlWVAKGYDzZzkAKPUcFBw==','CmDHMBgWUex/rIG3K0HFYQ==',NULL);
insert into employee values ('34','SaSaHrAd Su','PL9/6FoEkWCTQwwVOAePnHTj+LuDvkUOhvFi/Y40Cv8=','8','biHAouN3n1FjmwXII/EQcQ==','12/12/2020','3U6GrzdIx5fy13Hm30jWlQ==',28,'x4o0cZnzNnYtIk3IsqerHg==','02','01',2,0,'051875    ','1','2/2/2014',6,'01','yPke9Lg7H10NYthGqk+pXQ==','Qxo5yeZ33Ii8yXGRzADnUw==','VFSEUDl12gblZPZcs+9ixw==',2,'4','Senior HR Administrator','0PDDfLHBQQUho8L8xDH6Cw==','0PDDfLHBQQUho8L8xDH6Cw==','Jar Yoe','YTU','asjVMa79dMjCWWYXb+mzKw==','/io56MqbAXRQrHsjI5i6Ww==','WqM1KV6AOWaGqY8mEGPpYQ==','fC+ZZlFp/mHAa/iONb0axA==',NULL);
insert into employee values ('39','Lecturer Myat','mZNkQl4ncIpEnOoCpzq5PXTj+LuDvkUOhvFi/Y40Cv8=','8','QO+z1QxZLAdnXSP1g3BcQw==','12/12/2020','WnJX6MMPgjGXlJvzhXrJVQ==',29,'x4o0cZnzNnYtIk3IsqerHg==','02','02',2,0,'060049    ','1','2/2/2014',6,'01','yPke9Lg7H10NYthGqk+pXQ==','Qxo5yeZ33Ii8yXGRzADnUw==','VFSEUDl12gblZPZcs+9ixw==',2,'10','Japanese Lecturer','WTf3lB1SFO/rdv/GLnjMew==','WTf3lB1SFO/rdv/GLnjMew==','Jar Yoe','UCSY','10tSe8JI85NjnikO2nKrew==','XeAktOSRaD4xLOEc3lb26Q==','WqM1KV6AOWaGqY8mEGPpYQ==','fC+ZZlFp/mHAa/iONb0axA==',NULL);
insert into employee values ('37','SaSaAd Htet','QtILHsIgFlXBXEoTrxDbQHTj+LuDvkUOhvFi/Y40Cv8=','6','cGvBlr3JQABfI3R11eP2dw==','12/12/2020','VyvGwiVvzI/sTVXQbbluDA==',29,'x4o0cZnzNnYtIk3IsqerHg==','02','01',2,0,'051876    ','1','2/2/2013',7,'01','yPke9Lg7H10NYthGqk+pXQ==','/Rwy5XO60L23wClsajCOkQ==','VFSEUDl12gblZPZcs+9ixw==',2,'4','Senior Administrator','WTf3lB1SFO/rdv/GLnjMew==','WTf3lB1SFO/rdv/GLnjMew==','Jar Yoe','UCSY','10tSe8JI85NjnikO2nKrew==','XeAktOSRaD4xLOEc3lb26Q==','WqM1KV6AOWaGqY8mEGPpYQ==','fC+ZZlFp/mHAa/iONb0axA==',NULL);
insert into employee values ('33','Tar Tar Kyaw1','8uX3gKOysLdlMo7n+SBxZnTj+LuDvkUOhvFi/Y40Cv8=','4','YYXcKuCOgqWi6c998sqo0A==','12/12/2020','BHolEruK82lle2HDlDTYAw==',35,'x4o0cZnzNnYtIk3IsqerHg==','01','01',2,0,'049926    ','1','2/2/2013',8,'01','yPke9Lg7H10NYthGqk+pXQ==','/Rwy5XO60L23wClsajCOkQ==','VFSEUDl12gblZPZcs+9ixw==',1,'1','Team Leader','0PDDfLHBQQUho8L8xDH6Cw==','0PDDfLHBQQUho8L8xDH6Cw==','Jar Yoe','YTU','asjVMa79dMjCWWYXb+mzKw==','/io56MqbAXRQrHsjI5i6Ww==','WqM1KV6AOWaGqY8mEGPpYQ==','fC+ZZlFp/mHAa/iONb0axA==',NULL);
insert into employee values ('10','Asst HR Ad Kuri','uvIvMxZQ6QeLLTILAEjiEw==','9','ntX+s6HhF2e7Ryp3Uy6Dtg==','12/12/2020','nF45POgPud+wggq6C3l1lQ==',28,'2BEM+LZEFSe5KdxggRnBHg==','02','01',2,0,'060020    ','1','2/2/2015',5,'01','yPke9Lg7H10NYthGqk+pXQ==','ME0qW02HTaPP8lVnvR7blw==','VFSEUDl12gblZPZcs+9ixw==',2,'5','Assistant HR Administrator','WTf3lB1SFO/rdv/GLnjMew==','WTf3lB1SFO/rdv/GLnjMew==','Jar Lwin','Dagon University','yNJphq94YxYch2tTCergKA==','V5t/rZEVxsqNedcyC5HvIw==','WqM1KV6AOWaGqY8mEGPpYQ==','fC+ZZlFp/mHAa/iONb0axA==',NULL);
insert into employee values ('11','Hr Admin A','qA4pyYUMtaVpO1poif0kcnTj+LuDvkUOhvFi/Y40Cv8=','11','tbKUOPfeBClOevG0+nJHQA==','6/12/2020','qLjRhWYOtVIvUYzoOjB7ug==',27,'2BEM+LZEFSe5KdxggRnBHg==','02','01',2,0,'060021    ','1','2/2/2015',5,'01','yPke9Lg7H10NYthGqk+pXQ==','ME0qW02HTaPP8lVnvR7blw==','VFSEUDl12gblZPZcs+9ixw==',2,'4','HR Administrator','WTf3lB1SFO/rdv/GLnjMew==','WTf3lB1SFO/rdv/GLnjMew==','Jar Lwin','UIT','yNJphq94YxYch2tTCergKA==','V5t/rZEVxsqNedcyC5HvIw==','WqM1KV6AOWaGqY8mEGPpYQ==','fC+ZZlFp/mHAa/iONb0axA==',NULL);
insert into employee values ('48','InTar Kyaw','lIvBzWazfKZHi9RXO07JTXTj+LuDvkUOhvFi/Y40Cv8=','12','7Y1Z1ebHVWzVXe1/Vo/1uQ==','2/2/2021','S2WMwBfuEgTbRyoXZU69Kg==',28,'x4o0cZnzNnYtIk3IsqerHg==','02','01',2,0,'060058    ','1','2/2/2017',3,'01','yPke9Lg7H10NYthGqk+pXQ==','fK6qF+Tn8j33V36fyuZvyQ==','VFSEUDl12gblZPZcs+9ixw==',2,'6','Team Leader','zZ8rN6/0x7RcTAriG06lOA==','zZ8rN6/0x7RcTAriG06lOA==','Jar Yoe','UCSY','yLvDRTe7Z19jtuE1vdxrJg==','yNJphq94YxYch2tTCergKA==','WqM1KV6AOWaGqY8mEGPpYQ==','fC+ZZlFp/mHAa/iONb0axA==',NULL);
insert into employee values ('49','InSa Su','dUfxH+GtC5X74GEqKUmYCHTj+LuDvkUOhvFi/Y40Cv8=','14','Y6rYfR+C1Bn6MoniXL3gdA==','12/12/2020','pPKS9HiWz6xdYMZcrNIkbg==',24,'x4o0cZnzNnYtIk3IsqerHg==','02','01',2,0,'060059    ','1','2/2/2017',3,'01','yPke9Lg7H10NYthGqk+pXQ==','fK6qF+Tn8j33V36fyuZvyQ==','VFSEUDl12gblZPZcs+9ixw==',2,'6','Senior Hardware & Network Engineer','NtOgiings7c+zbHopIEFiA==','NtOgiings7c+zbHopIEFiA==','Jar Yoe','UCSY','9+cobUGYmJPxoOy9VUxagA==','g+yK+KxLMRwjnxIOGdwgQg==','SMlWVAKGYDzZzkAKPUcFBw==','CmDHMBgWUex/rIG3K0HFYQ==',NULL);
insert into employee values ('50','InSi Aye','T97wMnCcREb7fZmBGoWdJ3Tj+LuDvkUOhvFi/Y40Cv8=','10','uBJIgJXH2RvL7A1SLljTag==','2/2/2021','S/Q+BKvW7ptU8eQOSMDzAQ==',24,'x4o0cZnzNnYtIk3IsqerHg==','02','01',2,0,'060060    ','1','2/2/2017',3,'01','yPke9Lg7H10NYthGqk+pXQ==','fK6qF+Tn8j33V36fyuZvyQ==','VFSEUDl12gblZPZcs+9ixw==',2,'6','Hardware & Network Engineer','NtOgiings7c+zbHopIEFiA==','NtOgiings7c+zbHopIEFiA==','Jar Yoe','UCSY','9+cobUGYmJPxoOy9VUxagA==','g+yK+KxLMRwjnxIOGdwgQg==','SMlWVAKGYDzZzkAKPUcFBw==','CmDHMBgWUex/rIG3K0HFYQ==',NULL);
insert into employee values ('9','in ja Thin','u/5pIASf4LirRmtpCoh9+XTj+LuDvkUOhvFi/Y40Cv8=','2','gNuheBEeJVrTWiocIDG8BA==','12/12/2020','3nougpSVS60I056pIFwEGg==',34,'D3pr4UvX6HgFysCDqOWViw==','02','01',2,0,'060019    ','1','2/2/2011',8,'01','yPke9Lg7H10NYthGqk+pXQ==','jtMhzZaG01W451BS7HCPfw==','VFSEUDl12gblZPZcs+9ixw==',2,'6','Junior Hardware & Network Engineer','cdhy1u5dyJzew9ZTbCA74g==','cdhy1u5dyJzew9ZTbCA74g==','co ho','Dagon University','geamQWVP7x26WqoIdks6sA==','UbzsjxKJot4afdNpXZGi1Q==','WqM1KV6AOWaGqY8mEGPpYQ==','fC+ZZlFp/mHAa/iONb0axA==',NULL);
insert into employee values ('22','Ja Ja Aung2','eKzDAIooP4R0qgygjvn/pXTj+LuDvkUOhvFi/Y40Cv8=','15','xN4qOfSofb6oV8dC6gqVww==','12/12/2020','5vqREi6kcN3s4E5xJTkihg==',30,'Nv+i6uUYhyItMNffL5nRIw==','01','01',2,0,'060032    ','1','2/2/2017',3,'01','yPke9Lg7H10NYthGqk+pXQ==','fK6qF+Tn8j33V36fyuZvyQ==','VFSEUDl12gblZPZcs+9ixw==',1,'2','Junior System Engineer','NtOgiings7c+zbHopIEFiA==','NtOgiings7c+zbHopIEFiA==','Jar Khin','UCSY','9+cobUGYmJPxoOy9VUxagA==','g+yK+KxLMRwjnxIOGdwgQg==','SMlWVAKGYDzZzkAKPUcFBw==','CmDHMBgWUex/rIG3K0HFYQ==',NULL);

DELETE FROM contact;
insert into contact values ('Yc4MMhULzEk+KslL1jo2Nw==','FJzVzIo4F4N+4dMcrFESQQ==','FJzVzIo4F4N+4dMcrFESQQ==','No12,aung hla yeit tar street ,Kamayut,Yangon','No12,aung hla yeit tar street ,Kamayut,Yangon','13ewbx6EJdyu6z0xUalhN+cUm6NQ3e6svjGqSs0WpTk=','Iv0CG3Dr65saD765veOnLsOoAGO7FaksIeOTOiEu1Sg=','Iv0CG3Dr65saD765veOnLsOoAGO7FaksIeOTOiEu1Sg=','g88jzvCvjGzQys9dwlMcwA==','10/8/2019','2');
insert into contact values ('Yc4MMhULzEk+KslL1jo2Nw==','FJzVzIo4F4N+4dMcrFESQQ==','FJzVzIo4F4N+4dMcrFESQQ==','No12,aung hla yeit tar street ,Kamayut,Yangon','No12,aung hla yeit tar street ,Kamayut,Yangon','13ewbx6EJdyu6z0xUalhN+cUm6NQ3e6svjGqSs0WpTk=','Iv0CG3Dr65saD765veOnLsOoAGO7FaksIeOTOiEu1Sg=','Iv0CG3Dr65saD765veOnLsOoAGO7FaksIeOTOiEu1Sg=','g88jzvCvjGzQys9dwlMcwA==','10/8/2019','3');
insert into contact values ('Yc4MMhULzEk+KslL1jo2Nw==','FJzVzIo4F4N+4dMcrFESQQ==','FJzVzIo4F4N+4dMcrFESQQ==','No12,aung hla yeit tar street ,Kamayut,Yangon','No12,aung hla yeit tar street ,Kamayut,Yangon','13ewbx6EJdyu6z0xUalhN+cUm6NQ3e6svjGqSs0WpTk=','Iv0CG3Dr65saD765veOnLsOoAGO7FaksIeOTOiEu1Sg=','Iv0CG3Dr65saD765veOnLsOoAGO7FaksIeOTOiEu1Sg=','g88jzvCvjGzQys9dwlMcwA==','10/8/2019','4');
insert into contact values ('Yc4MMhULzEk+KslL1jo2Nw==','FJzVzIo4F4N+4dMcrFESQQ==','FJzVzIo4F4N+4dMcrFESQQ==','No12,aung hla yeit tar street ,Kamayut,Yangon','No12,aung hla yeit tar street ,Kamayut,Yangon','13ewbx6EJdyu6z0xUalhN+cUm6NQ3e6svjGqSs0WpTk=','Iv0CG3Dr65saD765veOnLsOoAGO7FaksIeOTOiEu1Sg=','Iv0CG3Dr65saD765veOnLsOoAGO7FaksIeOTOiEu1Sg=','g88jzvCvjGzQys9dwlMcwA==','10/8/2019','5');
insert into contact values ('Yc4MMhULzEk+KslL1jo2Nw==','FJzVzIo4F4N+4dMcrFESQQ==','FJzVzIo4F4N+4dMcrFESQQ==','No12,aung hla yeit tar street ,Kamayut,Yangon','No12,aung hla yeit tar street ,Kamayut,Yangon','13ewbx6EJdyu6z0xUalhN+cUm6NQ3e6svjGqSs0WpTk=','Iv0CG3Dr65saD765veOnLsOoAGO7FaksIeOTOiEu1Sg=','Iv0CG3Dr65saD765veOnLsOoAGO7FaksIeOTOiEu1Sg=','g88jzvCvjGzQys9dwlMcwA==','10/8/2019','6');
insert into contact values ('Yc4MMhULzEk+KslL1jo2Nw==','FJzVzIo4F4N+4dMcrFESQQ==','FJzVzIo4F4N+4dMcrFESQQ==','No12,aung hla yeit tar street ,Kamayut,Yangon','No12,aung hla yeit tar street ,Kamayut,Yangon','13ewbx6EJdyu6z0xUalhN+cUm6NQ3e6svjGqSs0WpTk=','Iv0CG3Dr65saD765veOnLsOoAGO7FaksIeOTOiEu1Sg=','Iv0CG3Dr65saD765veOnLsOoAGO7FaksIeOTOiEu1Sg=','g88jzvCvjGzQys9dwlMcwA==','10/8/2019','7');
insert into contact values ('Yc4MMhULzEk+KslL1jo2Nw==','FJzVzIo4F4N+4dMcrFESQQ==','FJzVzIo4F4N+4dMcrFESQQ==','No12,aung hla yeit tar street ,Kamayut,Yangon','No12,aung hla yeit tar street ,Kamayut,Yangon','13ewbx6EJdyu6z0xUalhN+cUm6NQ3e6svjGqSs0WpTk=','Iv0CG3Dr65saD765veOnLsOoAGO7FaksIeOTOiEu1Sg=','Iv0CG3Dr65saD765veOnLsOoAGO7FaksIeOTOiEu1Sg=','g88jzvCvjGzQys9dwlMcwA==','10/8/2019','8');
insert into contact values ('Yc4MMhULzEk+KslL1jo2Nw==','FJzVzIo4F4N+4dMcrFESQQ==','FJzVzIo4F4N+4dMcrFESQQ==','No12,aung hla yeit tar street ,Kamayut,Yangon','No12,aung hla yeit tar street ,Kamayut,Yangon','13ewbx6EJdyu6z0xUalhN+cUm6NQ3e6svjGqSs0WpTk=','Iv0CG3Dr65saD765veOnLsOoAGO7FaksIeOTOiEu1Sg=','Iv0CG3Dr65saD765veOnLsOoAGO7FaksIeOTOiEu1Sg=','g88jzvCvjGzQys9dwlMcwA==','10/8/2019','9');
insert into contact values ('Yc4MMhULzEk+KslL1jo2Nw==','FJzVzIo4F4N+4dMcrFESQQ==','FJzVzIo4F4N+4dMcrFESQQ==','No12,aung hla yeit tar street ,Kamayut,Yangon','No12,aung hla yeit tar street ,Kamayut,Yangon','13ewbx6EJdyu6z0xUalhN+cUm6NQ3e6svjGqSs0WpTk=','Iv0CG3Dr65saD765veOnLsOoAGO7FaksIeOTOiEu1Sg=','Iv0CG3Dr65saD765veOnLsOoAGO7FaksIeOTOiEu1Sg=','g88jzvCvjGzQys9dwlMcwA==','10/8/2019','10');
insert into contact values ('Yc4MMhULzEk+KslL1jo2Nw==','FJzVzIo4F4N+4dMcrFESQQ==','FJzVzIo4F4N+4dMcrFESQQ==','No12,aung hla yeit tar street ,Kamayut,Yangon','No12,aung hla yeit tar street ,Kamayut,Yangon','13ewbx6EJdyu6z0xUalhN+cUm6NQ3e6svjGqSs0WpTk=','Iv0CG3Dr65saD765veOnLsOoAGO7FaksIeOTOiEu1Sg=','Iv0CG3Dr65saD765veOnLsOoAGO7FaksIeOTOiEu1Sg=','g88jzvCvjGzQys9dwlMcwA==','10/8/2019','11');
insert into contact values ('Yc4MMhULzEk+KslL1jo2Nw==','FJzVzIo4F4N+4dMcrFESQQ==','FJzVzIo4F4N+4dMcrFESQQ==','No12,aung hla yeit tar street ,Kamayut,Yangon','No12,aung hla yeit tar street ,Kamayut,Yangon','13ewbx6EJdyu6z0xUalhN+cUm6NQ3e6svjGqSs0WpTk=','Iv0CG3Dr65saD765veOnLsOoAGO7FaksIeOTOiEu1Sg=','Iv0CG3Dr65saD765veOnLsOoAGO7FaksIeOTOiEu1Sg=','g88jzvCvjGzQys9dwlMcwA==','10/8/2019','12');
insert into contact values ('Yc4MMhULzEk+KslL1jo2Nw==','FJzVzIo4F4N+4dMcrFESQQ==','FJzVzIo4F4N+4dMcrFESQQ==','No12,aung hla yeit tar street ,Kamayut,Yangon','No12,aung hla yeit tar street ,Kamayut,Yangon','13ewbx6EJdyu6z0xUalhN+cUm6NQ3e6svjGqSs0WpTk=','Iv0CG3Dr65saD765veOnLsOoAGO7FaksIeOTOiEu1Sg=','Iv0CG3Dr65saD765veOnLsOoAGO7FaksIeOTOiEu1Sg=','g88jzvCvjGzQys9dwlMcwA==','10/8/2019','13');
insert into contact values ('Yc4MMhULzEk+KslL1jo2Nw==','FJzVzIo4F4N+4dMcrFESQQ==','FJzVzIo4F4N+4dMcrFESQQ==','No12,aung hla yeit tar street ,Kamayut,Yangon','No12,aung hla yeit tar street ,Kamayut,Yangon','13ewbx6EJdyu6z0xUalhN+cUm6NQ3e6svjGqSs0WpTk=','Iv0CG3Dr65saD765veOnLsOoAGO7FaksIeOTOiEu1Sg=','Iv0CG3Dr65saD765veOnLsOoAGO7FaksIeOTOiEu1Sg=','g88jzvCvjGzQys9dwlMcwA==','10/8/2019','14');
insert into contact values ('Yc4MMhULzEk+KslL1jo2Nw==','FJzVzIo4F4N+4dMcrFESQQ==','FJzVzIo4F4N+4dMcrFESQQ==','No12,aung hla yeit tar street ,Kamayut,Yangon','No12,aung hla yeit tar street ,Kamayut,Yangon','13ewbx6EJdyu6z0xUalhN+cUm6NQ3e6svjGqSs0WpTk=','Iv0CG3Dr65saD765veOnLsOoAGO7FaksIeOTOiEu1Sg=','Iv0CG3Dr65saD765veOnLsOoAGO7FaksIeOTOiEu1Sg=','g88jzvCvjGzQys9dwlMcwA==','10/8/2019','15');
insert into contact values ('Yc4MMhULzEk+KslL1jo2Nw==','FJzVzIo4F4N+4dMcrFESQQ==','FJzVzIo4F4N+4dMcrFESQQ==','No12,aung hla yeit tar street ,Kamayut,Yangon','No12,aung hla yeit tar street ,Kamayut,Yangon','13ewbx6EJdyu6z0xUalhN+cUm6NQ3e6svjGqSs0WpTk=','Iv0CG3Dr65saD765veOnLsOoAGO7FaksIeOTOiEu1Sg=','Iv0CG3Dr65saD765veOnLsOoAGO7FaksIeOTOiEu1Sg=','g88jzvCvjGzQys9dwlMcwA==','10/8/2019','16');
insert into contact values ('Yc4MMhULzEk+KslL1jo2Nw==','FJzVzIo4F4N+4dMcrFESQQ==','FJzVzIo4F4N+4dMcrFESQQ==','No12,aung hla yeit tar street ,Kamayut,Yangon','No12,aung hla yeit tar street ,Kamayut,Yangon','13ewbx6EJdyu6z0xUalhN+cUm6NQ3e6svjGqSs0WpTk=','Iv0CG3Dr65saD765veOnLsOoAGO7FaksIeOTOiEu1Sg=','Iv0CG3Dr65saD765veOnLsOoAGO7FaksIeOTOiEu1Sg=','g88jzvCvjGzQys9dwlMcwA==','10/8/2019','17');
insert into contact values ('Yc4MMhULzEk+KslL1jo2Nw==','FJzVzIo4F4N+4dMcrFESQQ==','FJzVzIo4F4N+4dMcrFESQQ==','No12,aung hla yeit tar street ,Kamayut,Yangon','No12,aung hla yeit tar street ,Kamayut,Yangon','13ewbx6EJdyu6z0xUalhN+cUm6NQ3e6svjGqSs0WpTk=','Iv0CG3Dr65saD765veOnLsOoAGO7FaksIeOTOiEu1Sg=','Iv0CG3Dr65saD765veOnLsOoAGO7FaksIeOTOiEu1Sg=','g88jzvCvjGzQys9dwlMcwA==','10/8/2019','18');
insert into contact values ('Yc4MMhULzEk+KslL1jo2Nw==','FJzVzIo4F4N+4dMcrFESQQ==','FJzVzIo4F4N+4dMcrFESQQ==','No12,aung hla yeit tar street ,Kamayut,Yangon','No12,aung hla yeit tar street ,Kamayut,Yangon','13ewbx6EJdyu6z0xUalhN+cUm6NQ3e6svjGqSs0WpTk=','Iv0CG3Dr65saD765veOnLsOoAGO7FaksIeOTOiEu1Sg=','Iv0CG3Dr65saD765veOnLsOoAGO7FaksIeOTOiEu1Sg=','g88jzvCvjGzQys9dwlMcwA==','10/8/2019','19');
insert into contact values ('Yc4MMhULzEk+KslL1jo2Nw==','FJzVzIo4F4N+4dMcrFESQQ==','FJzVzIo4F4N+4dMcrFESQQ==','No12,aung hla yeit tar street ,Kamayut,Yangon','No12,aung hla yeit tar street ,Kamayut,Yangon','13ewbx6EJdyu6z0xUalhN+cUm6NQ3e6svjGqSs0WpTk=','Iv0CG3Dr65saD765veOnLsOoAGO7FaksIeOTOiEu1Sg=','Iv0CG3Dr65saD765veOnLsOoAGO7FaksIeOTOiEu1Sg=','g88jzvCvjGzQys9dwlMcwA==','10/8/2019','20');
insert into contact values ('Yc4MMhULzEk+KslL1jo2Nw==','FJzVzIo4F4N+4dMcrFESQQ==','FJzVzIo4F4N+4dMcrFESQQ==','No12,aung hla yeit tar street ,Kamayut,Yangon','No12,aung hla yeit tar street ,Kamayut,Yangon','13ewbx6EJdyu6z0xUalhN+cUm6NQ3e6svjGqSs0WpTk=','Iv0CG3Dr65saD765veOnLsOoAGO7FaksIeOTOiEu1Sg=','Iv0CG3Dr65saD765veOnLsOoAGO7FaksIeOTOiEu1Sg=','g88jzvCvjGzQys9dwlMcwA==','10/8/2019','21');
insert into contact values ('Yc4MMhULzEk+KslL1jo2Nw==','FJzVzIo4F4N+4dMcrFESQQ==','FJzVzIo4F4N+4dMcrFESQQ==','No12,aung hla yeit tar street ,Kamayut,Yangon','No12,aung hla yeit tar street ,Kamayut,Yangon','13ewbx6EJdyu6z0xUalhN+cUm6NQ3e6svjGqSs0WpTk=','Iv0CG3Dr65saD765veOnLsOoAGO7FaksIeOTOiEu1Sg=','Iv0CG3Dr65saD765veOnLsOoAGO7FaksIeOTOiEu1Sg=','g88jzvCvjGzQys9dwlMcwA==','10/8/2019','22');
insert into contact values ('Yc4MMhULzEk+KslL1jo2Nw==','FJzVzIo4F4N+4dMcrFESQQ==','FJzVzIo4F4N+4dMcrFESQQ==','No12,aung hla yeit tar street ,Kamayut,Yangon','No12,aung hla yeit tar street ,Kamayut,Yangon','13ewbx6EJdyu6z0xUalhN+cUm6NQ3e6svjGqSs0WpTk=','Iv0CG3Dr65saD765veOnLsOoAGO7FaksIeOTOiEu1Sg=','Iv0CG3Dr65saD765veOnLsOoAGO7FaksIeOTOiEu1Sg=','g88jzvCvjGzQys9dwlMcwA==','10/8/2019','23');
insert into contact values ('Yc4MMhULzEk+KslL1jo2Nw==','FJzVzIo4F4N+4dMcrFESQQ==','FJzVzIo4F4N+4dMcrFESQQ==','No12,aung hla yeit tar street ,Kamayut,Yangon','No12,aung hla yeit tar street ,Kamayut,Yangon','13ewbx6EJdyu6z0xUalhN+cUm6NQ3e6svjGqSs0WpTk=','Iv0CG3Dr65saD765veOnLsOoAGO7FaksIeOTOiEu1Sg=','Iv0CG3Dr65saD765veOnLsOoAGO7FaksIeOTOiEu1Sg=','g88jzvCvjGzQys9dwlMcwA==','10/8/2019','24');
insert into contact values ('Yc4MMhULzEk+KslL1jo2Nw==','FJzVzIo4F4N+4dMcrFESQQ==','FJzVzIo4F4N+4dMcrFESQQ==','No12,aung hla yeit tar street ,Kamayut,Yangon','No12,aung hla yeit tar street ,Kamayut,Yangon','13ewbx6EJdyu6z0xUalhN+cUm6NQ3e6svjGqSs0WpTk=','Iv0CG3Dr65saD765veOnLsOoAGO7FaksIeOTOiEu1Sg=','Iv0CG3Dr65saD765veOnLsOoAGO7FaksIeOTOiEu1Sg=','g88jzvCvjGzQys9dwlMcwA==','10/8/2019','25');
insert into contact values ('Yc4MMhULzEk+KslL1jo2Nw==','FJzVzIo4F4N+4dMcrFESQQ==','FJzVzIo4F4N+4dMcrFESQQ==','No12,aung hla yeit tar street ,Kamayut,Yangon','No12,aung hla yeit tar street ,Kamayut,Yangon','13ewbx6EJdyu6z0xUalhN+cUm6NQ3e6svjGqSs0WpTk=','Iv0CG3Dr65saD765veOnLsOoAGO7FaksIeOTOiEu1Sg=','Iv0CG3Dr65saD765veOnLsOoAGO7FaksIeOTOiEu1Sg=','g88jzvCvjGzQys9dwlMcwA==','10/8/2019','26');
insert into contact values ('Yc4MMhULzEk+KslL1jo2Nw==','FJzVzIo4F4N+4dMcrFESQQ==','FJzVzIo4F4N+4dMcrFESQQ==','No12,aung hla yeit tar street ,Kamayut,Yangon','No12,aung hla yeit tar street ,Kamayut,Yangon','13ewbx6EJdyu6z0xUalhN+cUm6NQ3e6svjGqSs0WpTk=','Iv0CG3Dr65saD765veOnLsOoAGO7FaksIeOTOiEu1Sg=','Iv0CG3Dr65saD765veOnLsOoAGO7FaksIeOTOiEu1Sg=','g88jzvCvjGzQys9dwlMcwA==','10/8/2019','27');
insert into contact values ('Yc4MMhULzEk+KslL1jo2Nw==','FJzVzIo4F4N+4dMcrFESQQ==','FJzVzIo4F4N+4dMcrFESQQ==','No12,aung hla yeit tar street ,Kamayut,Yangon','No12,aung hla yeit tar street ,Kamayut,Yangon','13ewbx6EJdyu6z0xUalhN+cUm6NQ3e6svjGqSs0WpTk=','Iv0CG3Dr65saD765veOnLsOoAGO7FaksIeOTOiEu1Sg=','Iv0CG3Dr65saD765veOnLsOoAGO7FaksIeOTOiEu1Sg=','g88jzvCvjGzQys9dwlMcwA==','10/8/2019','28');
insert into contact values ('Yc4MMhULzEk+KslL1jo2Nw==','FJzVzIo4F4N+4dMcrFESQQ==','FJzVzIo4F4N+4dMcrFESQQ==','No12,aung hla yeit tar street ,Kamayut,Yangon','No12,aung hla yeit tar street ,Kamayut,Yangon','13ewbx6EJdyu6z0xUalhN+cUm6NQ3e6svjGqSs0WpTk=','Iv0CG3Dr65saD765veOnLsOoAGO7FaksIeOTOiEu1Sg=','Iv0CG3Dr65saD765veOnLsOoAGO7FaksIeOTOiEu1Sg=','g88jzvCvjGzQys9dwlMcwA==','10/8/2019','29');
insert into contact values ('Yc4MMhULzEk+KslL1jo2Nw==','FJzVzIo4F4N+4dMcrFESQQ==','FJzVzIo4F4N+4dMcrFESQQ==','No12,aung hla yeit tar street ,Kamayut,Yangon','No12,aung hla yeit tar street ,Kamayut,Yangon','13ewbx6EJdyu6z0xUalhN+cUm6NQ3e6svjGqSs0WpTk=','Iv0CG3Dr65saD765veOnLsOoAGO7FaksIeOTOiEu1Sg=','Iv0CG3Dr65saD765veOnLsOoAGO7FaksIeOTOiEu1Sg=','g88jzvCvjGzQys9dwlMcwA==','10/8/2019','30');
insert into contact values ('Yc4MMhULzEk+KslL1jo2Nw==','FJzVzIo4F4N+4dMcrFESQQ==','FJzVzIo4F4N+4dMcrFESQQ==','No12,aung hla yeit tar street ,Kamayut,Yangon','No12,aung hla yeit tar street ,Kamayut,Yangon','13ewbx6EJdyu6z0xUalhN+cUm6NQ3e6svjGqSs0WpTk=','Iv0CG3Dr65saD765veOnLsOoAGO7FaksIeOTOiEu1Sg=','Iv0CG3Dr65saD765veOnLsOoAGO7FaksIeOTOiEu1Sg=','g88jzvCvjGzQys9dwlMcwA==','10/8/2019','31');
insert into contact values ('Yc4MMhULzEk+KslL1jo2Nw==','FJzVzIo4F4N+4dMcrFESQQ==','FJzVzIo4F4N+4dMcrFESQQ==','No12,aung hla yeit tar street ,Kamayut,Yangon','No12,aung hla yeit tar street ,Kamayut,Yangon','13ewbx6EJdyu6z0xUalhN+cUm6NQ3e6svjGqSs0WpTk=','Iv0CG3Dr65saD765veOnLsOoAGO7FaksIeOTOiEu1Sg=','Iv0CG3Dr65saD765veOnLsOoAGO7FaksIeOTOiEu1Sg=','g88jzvCvjGzQys9dwlMcwA==','10/8/2019','32');
insert into contact values ('Yc4MMhULzEk+KslL1jo2Nw==','FJzVzIo4F4N+4dMcrFESQQ==','FJzVzIo4F4N+4dMcrFESQQ==','No12,aung hla yeit tar street ,Kamayut,Yangon','No12,aung hla yeit tar street ,Kamayut,Yangon','13ewbx6EJdyu6z0xUalhN+cUm6NQ3e6svjGqSs0WpTk=','Iv0CG3Dr65saD765veOnLsOoAGO7FaksIeOTOiEu1Sg=','Iv0CG3Dr65saD765veOnLsOoAGO7FaksIeOTOiEu1Sg=','g88jzvCvjGzQys9dwlMcwA==','10/8/2019','33');
insert into contact values ('Yc4MMhULzEk+KslL1jo2Nw==','FJzVzIo4F4N+4dMcrFESQQ==','FJzVzIo4F4N+4dMcrFESQQ==','No12,aung hla yeit tar street ,Kamayut,Yangon','No12,aung hla yeit tar street ,Kamayut,Yangon','13ewbx6EJdyu6z0xUalhN+cUm6NQ3e6svjGqSs0WpTk=','Iv0CG3Dr65saD765veOnLsOoAGO7FaksIeOTOiEu1Sg=','Iv0CG3Dr65saD765veOnLsOoAGO7FaksIeOTOiEu1Sg=','g88jzvCvjGzQys9dwlMcwA==','10/8/2019','34');
insert into contact values ('Yc4MMhULzEk+KslL1jo2Nw==','FJzVzIo4F4N+4dMcrFESQQ==','FJzVzIo4F4N+4dMcrFESQQ==','No12,aung hla yeit tar street ,Kamayut,Yangon','No12,aung hla yeit tar street ,Kamayut,Yangon','13ewbx6EJdyu6z0xUalhN+cUm6NQ3e6svjGqSs0WpTk=','Iv0CG3Dr65saD765veOnLsOoAGO7FaksIeOTOiEu1Sg=','Iv0CG3Dr65saD765veOnLsOoAGO7FaksIeOTOiEu1Sg=','g88jzvCvjGzQys9dwlMcwA==','10/8/2019','35');
insert into contact values ('Yc4MMhULzEk+KslL1jo2Nw==','FJzVzIo4F4N+4dMcrFESQQ==','FJzVzIo4F4N+4dMcrFESQQ==','No12,aung hla yeit tar street ,Kamayut,Yangon','No12,aung hla yeit tar street ,Kamayut,Yangon','13ewbx6EJdyu6z0xUalhN+cUm6NQ3e6svjGqSs0WpTk=','Iv0CG3Dr65saD765veOnLsOoAGO7FaksIeOTOiEu1Sg=','Iv0CG3Dr65saD765veOnLsOoAGO7FaksIeOTOiEu1Sg=','g88jzvCvjGzQys9dwlMcwA==','10/8/2019','36');
insert into contact values ('Yc4MMhULzEk+KslL1jo2Nw==','FJzVzIo4F4N+4dMcrFESQQ==','FJzVzIo4F4N+4dMcrFESQQ==','No12,aung hla yeit tar street ,Kamayut,Yangon','No12,aung hla yeit tar street ,Kamayut,Yangon','13ewbx6EJdyu6z0xUalhN+cUm6NQ3e6svjGqSs0WpTk=','Iv0CG3Dr65saD765veOnLsOoAGO7FaksIeOTOiEu1Sg=','Iv0CG3Dr65saD765veOnLsOoAGO7FaksIeOTOiEu1Sg=','g88jzvCvjGzQys9dwlMcwA==','10/8/2019','37');
insert into contact values ('Yc4MMhULzEk+KslL1jo2Nw==','FJzVzIo4F4N+4dMcrFESQQ==','FJzVzIo4F4N+4dMcrFESQQ==','No12,aung hla yeit tar street ,Kamayut,Yangon','No12,aung hla yeit tar street ,Kamayut,Yangon','13ewbx6EJdyu6z0xUalhN+cUm6NQ3e6svjGqSs0WpTk=','Iv0CG3Dr65saD765veOnLsOoAGO7FaksIeOTOiEu1Sg=','Iv0CG3Dr65saD765veOnLsOoAGO7FaksIeOTOiEu1Sg=','g88jzvCvjGzQys9dwlMcwA==','10/8/2019','38');
insert into contact values ('Yc4MMhULzEk+KslL1jo2Nw==','FJzVzIo4F4N+4dMcrFESQQ==','FJzVzIo4F4N+4dMcrFESQQ==','No12,aung hla yeit tar street ,Kamayut,Yangon','No12,aung hla yeit tar street ,Kamayut,Yangon','13ewbx6EJdyu6z0xUalhN+cUm6NQ3e6svjGqSs0WpTk=','Iv0CG3Dr65saD765veOnLsOoAGO7FaksIeOTOiEu1Sg=','Iv0CG3Dr65saD765veOnLsOoAGO7FaksIeOTOiEu1Sg=','g88jzvCvjGzQys9dwlMcwA==','10/8/2019','29');
insert into contact values ('Yc4MMhULzEk+KslL1jo2Nw==','FJzVzIo4F4N+4dMcrFESQQ==','FJzVzIo4F4N+4dMcrFESQQ==','No12,aung hla yeit tar street ,Kamayut,Yangon','No12,aung hla yeit tar street ,Kamayut,Yangon','13ewbx6EJdyu6z0xUalhN+cUm6NQ3e6svjGqSs0WpTk=','Iv0CG3Dr65saD765veOnLsOoAGO7FaksIeOTOiEu1Sg=','Iv0CG3Dr65saD765veOnLsOoAGO7FaksIeOTOiEu1Sg=','g88jzvCvjGzQys9dwlMcwA==','10/8/2019','40');
insert into contact values ('Yc4MMhULzEk+KslL1jo2Nw==','FJzVzIo4F4N+4dMcrFESQQ==','FJzVzIo4F4N+4dMcrFESQQ==','No12,aung hla yeit tar street ,Kamayut,Yangon','No12,aung hla yeit tar street ,Kamayut,Yangon','13ewbx6EJdyu6z0xUalhN+cUm6NQ3e6svjGqSs0WpTk=','Iv0CG3Dr65saD765veOnLsOoAGO7FaksIeOTOiEu1Sg=','Iv0CG3Dr65saD765veOnLsOoAGO7FaksIeOTOiEu1Sg=','g88jzvCvjGzQys9dwlMcwA==','10/8/2019','41');
insert into contact values ('Yc4MMhULzEk+KslL1jo2Nw==','FJzVzIo4F4N+4dMcrFESQQ==','FJzVzIo4F4N+4dMcrFESQQ==','No12,aung hla yeit tar street ,Kamayut,Yangon','No12,aung hla yeit tar street ,Kamayut,Yangon','13ewbx6EJdyu6z0xUalhN+cUm6NQ3e6svjGqSs0WpTk=','Iv0CG3Dr65saD765veOnLsOoAGO7FaksIeOTOiEu1Sg=','Iv0CG3Dr65saD765veOnLsOoAGO7FaksIeOTOiEu1Sg=','g88jzvCvjGzQys9dwlMcwA==','10/8/2019','42');
insert into contact values ('Yc4MMhULzEk+KslL1jo2Nw==','FJzVzIo4F4N+4dMcrFESQQ==','FJzVzIo4F4N+4dMcrFESQQ==','No12,aung hla yeit tar street ,Kamayut,Yangon','No12,aung hla yeit tar street ,Kamayut,Yangon','13ewbx6EJdyu6z0xUalhN+cUm6NQ3e6svjGqSs0WpTk=','Iv0CG3Dr65saD765veOnLsOoAGO7FaksIeOTOiEu1Sg=','Iv0CG3Dr65saD765veOnLsOoAGO7FaksIeOTOiEu1Sg=','g88jzvCvjGzQys9dwlMcwA==','10/8/2019','43');
insert into contact values ('Yc4MMhULzEk+KslL1jo2Nw==','FJzVzIo4F4N+4dMcrFESQQ==','FJzVzIo4F4N+4dMcrFESQQ==','No12,aung hla yeit tar street ,Kamayut,Yangon','No12,aung hla yeit tar street ,Kamayut,Yangon','13ewbx6EJdyu6z0xUalhN+cUm6NQ3e6svjGqSs0WpTk=','Iv0CG3Dr65saD765veOnLsOoAGO7FaksIeOTOiEu1Sg=','Iv0CG3Dr65saD765veOnLsOoAGO7FaksIeOTOiEu1Sg=','g88jzvCvjGzQys9dwlMcwA==','10/8/2019','44');
insert into contact values ('Yc4MMhULzEk+KslL1jo2Nw==','FJzVzIo4F4N+4dMcrFESQQ==','FJzVzIo4F4N+4dMcrFESQQ==','No12,aung hla yeit tar street ,Kamayut,Yangon','No12,aung hla yeit tar street ,Kamayut,Yangon','13ewbx6EJdyu6z0xUalhN+cUm6NQ3e6svjGqSs0WpTk=','Iv0CG3Dr65saD765veOnLsOoAGO7FaksIeOTOiEu1Sg=','Iv0CG3Dr65saD765veOnLsOoAGO7FaksIeOTOiEu1Sg=','g88jzvCvjGzQys9dwlMcwA==','10/8/2019','45');
insert into contact values ('Yc4MMhULzEk+KslL1jo2Nw==','FJzVzIo4F4N+4dMcrFESQQ==','FJzVzIo4F4N+4dMcrFESQQ==','No12,aung hla yeit tar street ,Kamayut,Yangon','No12,aung hla yeit tar street ,Kamayut,Yangon','13ewbx6EJdyu6z0xUalhN+cUm6NQ3e6svjGqSs0WpTk=','Iv0CG3Dr65saD765veOnLsOoAGO7FaksIeOTOiEu1Sg=','Iv0CG3Dr65saD765veOnLsOoAGO7FaksIeOTOiEu1Sg=','g88jzvCvjGzQys9dwlMcwA==','10/8/2019','46');
insert into contact values ('Yc4MMhULzEk+KslL1jo2Nw==','FJzVzIo4F4N+4dMcrFESQQ==','FJzVzIo4F4N+4dMcrFESQQ==','No12,aung hla yeit tar street ,Kamayut,Yangon','No12,aung hla yeit tar street ,Kamayut,Yangon','13ewbx6EJdyu6z0xUalhN+cUm6NQ3e6svjGqSs0WpTk=','Iv0CG3Dr65saD765veOnLsOoAGO7FaksIeOTOiEu1Sg=','Iv0CG3Dr65saD765veOnLsOoAGO7FaksIeOTOiEu1Sg=','g88jzvCvjGzQys9dwlMcwA==','10/8/2019','47');
insert into contact values ('Yc4MMhULzEk+KslL1jo2Nw==','FJzVzIo4F4N+4dMcrFESQQ==','FJzVzIo4F4N+4dMcrFESQQ==','No12,aung hla yeit tar street ,Kamayut,Yangon','No12,aung hla yeit tar street ,Kamayut,Yangon','13ewbx6EJdyu6z0xUalhN+cUm6NQ3e6svjGqSs0WpTk=','Iv0CG3Dr65saD765veOnLsOoAGO7FaksIeOTOiEu1Sg=','Iv0CG3Dr65saD765veOnLsOoAGO7FaksIeOTOiEu1Sg=','g88jzvCvjGzQys9dwlMcwA==','10/8/2019','48');
insert into contact values ('Yc4MMhULzEk+KslL1jo2Nw==','FJzVzIo4F4N+4dMcrFESQQ==','FJzVzIo4F4N+4dMcrFESQQ==','No12,aung hla yeit tar street ,Kamayut,Yangon','No12,aung hla yeit tar street ,Kamayut,Yangon','13ewbx6EJdyu6z0xUalhN+cUm6NQ3e6svjGqSs0WpTk=','Iv0CG3Dr65saD765veOnLsOoAGO7FaksIeOTOiEu1Sg=','Iv0CG3Dr65saD765veOnLsOoAGO7FaksIeOTOiEu1Sg=','g88jzvCvjGzQys9dwlMcwA==','10/8/2019','49');
insert into contact values ('Yc4MMhULzEk+KslL1jo2Nw==','FJzVzIo4F4N+4dMcrFESQQ==','FJzVzIo4F4N+4dMcrFESQQ==','No12,aung hla yeit tar street ,Kamayut,Yangon','No12,aung hla yeit tar street ,Kamayut,Yangon','13ewbx6EJdyu6z0xUalhN+cUm6NQ3e6svjGqSs0WpTk=','Iv0CG3Dr65saD765veOnLsOoAGO7FaksIeOTOiEu1Sg=','Iv0CG3Dr65saD765veOnLsOoAGO7FaksIeOTOiEu1Sg=','g88jzvCvjGzQys9dwlMcwA==','10/8/2019','50');
insert into contact values ('Yc4MMhULzEk+KslL1jo2Nw==','FJzVzIo4F4N+4dMcrFESQQ==','FJzVzIo4F4N+4dMcrFESQQ==','No12,A street ,Hlaing,Yangon','No12,A ,Hlaing,Yangon','13ewbx6EJdyu6z0xUalhN+cUm6NQ3e6svjGqSs0WpTk=','Iv0CG3Dr65saD765veOnLsOoAGO7FaksIeOTOiEu1Sg=','Iv0CG3Dr65saD765veOnLsOoAGO7FaksIeOTOiEu1Sg=','g88jzvCvjGzQys9dwlMcwA==','10/8/2019','1');

--Leave Balance
Delete FROM leave_balance;
insert into leave_balance(emp_id,leave_period_start,leave_period_end,annual_total,annual_taken,extra_annual,casual_total,casual_taken,compensatory_total,compensatory_taken,compensatory_remark,medical_total,medical_taken,marriage_total,marriage_taken,maternity_total,maternity_taken,hospitalization_total,hospitalization_taken,paternity_total,paternity_taken,compassionate_total,compassionate_taken,absent_taken,unpaid_taken,others_taken) values ('1','10/1/2019','9/30/2020',27.0,11.5,0.0,6.0,4.5,0.0,0.0,'',0.0,0.0,0.0,0.0,0.0,0.0,0.0,0.0,0.0,0.0,0.0,0.0,0.0,0.0,0.0);
insert into leave_balance(emp_id,leave_period_start,leave_period_end,annual_total,annual_taken,extra_annual,casual_total,casual_taken,compensatory_total,compensatory_taken,compensatory_remark,medical_total,medical_taken,marriage_total,marriage_taken,maternity_total,maternity_taken,hospitalization_total,hospitalization_taken,paternity_total,paternity_taken,compassionate_total,compassionate_taken,absent_taken,unpaid_taken,others_taken) values ('2','10/1/2020','9/30/2021',28.0,1.0,0.0,6.0,0.5,0.0,0.0,'',0.0,0.0,0.0,0.0,0.0,0.0,0.0,0.0,0.0,0.0,0.0,0.0,0.0,0.0,0.0);
insert into leave_balance(emp_id,leave_period_start,leave_period_end,annual_total,annual_taken,extra_annual,casual_total,casual_taken,compensatory_total,compensatory_taken,compensatory_remark,medical_total,medical_taken,marriage_total,marriage_taken,maternity_total,maternity_taken,hospitalization_total,hospitalization_taken,paternity_total,paternity_taken,compassionate_total,compassionate_taken,absent_taken,unpaid_taken,others_taken) values ('3','10/1/2019','9/30/2020',28.0,11.5,0.0,6.0,5.0,0.0,0.0,'',0.0,0.0,0.0,0.0,0.0,0.0,0.0,0.0,0.0,0.0,0.0,0.0,0.0,0.0,0.0);
insert into leave_balance(emp_id,leave_period_start,leave_period_end,annual_total,annual_taken,extra_annual,casual_total,casual_taken,compensatory_total,compensatory_taken,compensatory_remark,medical_total,medical_taken,marriage_total,marriage_taken,maternity_total,maternity_taken,hospitalization_total,hospitalization_taken,paternity_total,paternity_taken,compassionate_total,compassionate_taken,absent_taken,unpaid_taken,others_taken) values ('4','10/1/2020','9/30/2021',28.0,0.0,0.0,6.0,1.0,0.0,0.0,'',0.0,0.0,0.0,0.0,0.0,0.0,0.0,0.0,0.0,0.0,0.0,0.0,0.0,0.0,0.0);
insert into leave_balance(emp_id,leave_period_start,leave_period_end,annual_total,annual_taken,extra_annual,casual_total,casual_taken,compensatory_total,compensatory_taken,compensatory_remark,medical_total,medical_taken,marriage_total,marriage_taken,maternity_total,maternity_taken,hospitalization_total,hospitalization_taken,paternity_total,paternity_taken,compassionate_total,compassionate_taken,absent_taken,unpaid_taken,others_taken) values ('5','10/1/2019','9/30/2020',23.0,0.0,0.0,6.0,6.0,0.0,0.0,'',0.0,0.0,0.0,0.0,0.0,0.0,0.0,0.0,0.0,0.0,0.0,0.0,0.0,0.0,0.0);
insert into leave_balance(emp_id,leave_period_start,leave_period_end,annual_total,annual_taken,extra_annual,casual_total,casual_taken,compensatory_total,compensatory_taken,compensatory_remark,medical_total,medical_taken,marriage_total,marriage_taken,maternity_total,maternity_taken,hospitalization_total,hospitalization_taken,paternity_total,paternity_taken,compassionate_total,compassionate_taken,absent_taken,unpaid_taken,others_taken) values ('6','10/1/2020','9/30/2021',23.0,0.0,0.0,6.0,6.0,0.0,0.0,'',0.0,0.0,0.0,0.0,0.0,0.0,0.0,0.0,0.0,0.0,0.0,0.0,0.0,0.0,0.0);
insert into leave_balance(emp_id,leave_period_start,leave_period_end,annual_total,annual_taken,extra_annual,casual_total,casual_taken,compensatory_total,compensatory_taken,compensatory_remark,medical_total,medical_taken,marriage_total,marriage_taken,maternity_total,maternity_taken,hospitalization_total,hospitalization_taken,paternity_total,paternity_taken,compassionate_total,compassionate_taken,absent_taken,unpaid_taken,others_taken) values ('7','10/1/2019','9/30/2020',17.5,6.0,0.0,6.0,4.0,0.0,0.0,'',0.0,0.0,0.0,0.0,0.0,0.0,0.0,0.0,0.0,0.0,0.0,0.0,0.0,0.0,0.0);
insert into leave_balance(emp_id,leave_period_start,leave_period_end,annual_total,annual_taken,extra_annual,casual_total,casual_taken,compensatory_total,compensatory_taken,compensatory_remark,medical_total,medical_taken,marriage_total,marriage_taken,maternity_total,maternity_taken,hospitalization_total,hospitalization_taken,paternity_total,paternity_taken,compassionate_total,compassionate_taken,absent_taken,unpaid_taken,others_taken) values ('8','10/1/2020','9/30/2021',28.0,1.0,0.0,6.0,0.0,0.0,0.0,'',0.0,0.0,0.0,0.0,0.0,0.0,0.0,0.0,0.0,0.0,0.0,0.0,0.0,0.0,0.0);
insert into leave_balance(emp_id,leave_period_start,leave_period_end,annual_total,annual_taken,extra_annual,casual_total,casual_taken,compensatory_total,compensatory_taken,compensatory_remark,medical_total,medical_taken,marriage_total,marriage_taken,maternity_total,maternity_taken,hospitalization_total,hospitalization_taken,paternity_total,paternity_taken,compassionate_total,compassionate_taken,absent_taken,unpaid_taken,others_taken) values ('9','10/1/2019','9/30/2020',15.0,11.0,0.0,6.0,6.0,0.0,0.0,'',0.0,0.0,0.0,0.0,0.0,0.0,0.0,0.0,0.0,0.0,0.0,0.0,0.0,0.0,0.0);
insert into leave_balance(emp_id,leave_period_start,leave_period_end,annual_total,annual_taken,extra_annual,casual_total,casual_taken,compensatory_total,compensatory_taken,compensatory_remark,medical_total,medical_taken,marriage_total,marriage_taken,maternity_total,maternity_taken,hospitalization_total,hospitalization_taken,paternity_total,paternity_taken,compassionate_total,compassionate_taken,absent_taken,unpaid_taken,others_taken) values ('10','10/1/2020','9/30/2021',20.0,1.5,0.0,6.0,0.0,0.0,0.0,'',0.0,0.0,0.0,0.0,0.0,0.0,0.0,0.0,0.0,0.0,0.0,0.0,0.0,0.0,0.0);
insert into leave_balance(emp_id,leave_period_start,leave_period_end,annual_total,annual_taken,extra_annual,casual_total,casual_taken,compensatory_total,compensatory_taken,compensatory_remark,medical_total,medical_taken,marriage_total,marriage_taken,maternity_total,maternity_taken,hospitalization_total,hospitalization_taken,paternity_total,paternity_taken,compassionate_total,compassionate_taken,absent_taken,unpaid_taken,others_taken) values ('11','10/1/2019','9/30/2020',28.0,8.0,0.0,6.0,6.0,0.0,0.0,'',0.0,0.0,0.0,0.0,0.0,0.0,0.0,0.0,0.0,0.0,0.0,0.0,0.0,0.0,0.0);
insert into leave_balance(emp_id,leave_period_start,leave_period_end,annual_total,annual_taken,extra_annual,casual_total,casual_taken,compensatory_total,compensatory_taken,compensatory_remark,medical_total,medical_taken,marriage_total,marriage_taken,maternity_total,maternity_taken,hospitalization_total,hospitalization_taken,paternity_total,paternity_taken,compassionate_total,compassionate_taken,absent_taken,unpaid_taken,others_taken) values ('12','10/1/2020','9/30/2021',28.0,0.0,0.0,6.0,0.0,0.0,0.0,'',0.0,0.0,0.0,0.0,0.0,0.0,0.0,0.0,0.0,0.0,0.0,0.0,0.0,0.0,0.0);
insert into leave_balance(emp_id,leave_period_start,leave_period_end,annual_total,annual_taken,extra_annual,casual_total,casual_taken,compensatory_total,compensatory_taken,compensatory_remark,medical_total,medical_taken,marriage_total,marriage_taken,maternity_total,maternity_taken,hospitalization_total,hospitalization_taken,paternity_total,paternity_taken,compassionate_total,compassionate_taken,absent_taken,unpaid_taken,others_taken) values ('13','10/1/2019','9/30/2020',26.0,23.0,0.0,6.0,6.0,0.0,0.0,'',0.0,0.0,0.0,0.0,0.0,0.0,0.0,0.0,0.0,0.0,0.0,0.0,0.0,0.0,0.0);
insert into leave_balance(emp_id,leave_period_start,leave_period_end,annual_total,annual_taken,extra_annual,casual_total,casual_taken,compensatory_total,compensatory_taken,compensatory_remark,medical_total,medical_taken,marriage_total,marriage_taken,maternity_total,maternity_taken,hospitalization_total,hospitalization_taken,paternity_total,paternity_taken,compassionate_total,compassionate_taken,absent_taken,unpaid_taken,others_taken) values ('14','10/1/2020','9/30/2021',19.0,1.0,0.0,6.0,3.0,0.0,0.0,'',0.0,0.0,0.0,0.0,0.0,0.0,0.0,0.0,0.0,0.0,0.0,0.0,0.0,0.0,0.0);
insert into leave_balance(emp_id,leave_period_start,leave_period_end,annual_total,annual_taken,extra_annual,casual_total,casual_taken,compensatory_total,compensatory_taken,compensatory_remark,medical_total,medical_taken,marriage_total,marriage_taken,maternity_total,maternity_taken,hospitalization_total,hospitalization_taken,paternity_total,paternity_taken,compassionate_total,compassionate_taken,absent_taken,unpaid_taken,others_taken) values ('15','10/1/2019','9/30/2020',15.0,14.0,0.0,6.0,6.0,0.0,0.0,'',0.0,0.0,0.0,0.0,0.0,0.0,0.0,0.0,0.0,0.0,0.0,0.0,0.0,0.0,0.0);
insert into leave_balance(emp_id,leave_period_start,leave_period_end,annual_total,annual_taken,extra_annual,casual_total,casual_taken,compensatory_total,compensatory_taken,compensatory_remark,medical_total,medical_taken,marriage_total,marriage_taken,maternity_total,maternity_taken,hospitalization_total,hospitalization_taken,paternity_total,paternity_taken,compassionate_total,compassionate_taken,absent_taken,unpaid_taken,others_taken) values ('16','10/1/2020','9/30/2021',17.0,2.0,0.0,6.0,2.0,0.0,0.0,'',0.0,0.0,0.0,0.0,0.0,0.0,0.0,0.0,0.0,0.0,0.0,0.0,0.0,0.0,0.0);
insert into leave_balance(emp_id,leave_period_start,leave_period_end,annual_total,annual_taken,extra_annual,casual_total,casual_taken,compensatory_total,compensatory_taken,compensatory_remark,medical_total,medical_taken,marriage_total,marriage_taken,maternity_total,maternity_taken,hospitalization_total,hospitalization_taken,paternity_total,paternity_taken,compassionate_total,compassionate_taken,absent_taken,unpaid_taken,others_taken) values ('17','10/1/2019','9/30/2020',26.5,7.0,0.0,6.0,4.5,0.0,0.0,'',0.0,0.0,0.0,0.0,0.0,0.0,0.0,0.0,0.0,0.0,0.0,0.0,0.0,0.0,0.0);
insert into leave_balance(emp_id,leave_period_start,leave_period_end,annual_total,annual_taken,extra_annual,casual_total,casual_taken,compensatory_total,compensatory_taken,compensatory_remark,medical_total,medical_taken,marriage_total,marriage_taken,maternity_total,maternity_taken,hospitalization_total,hospitalization_taken,paternity_total,paternity_taken,compassionate_total,compassionate_taken,absent_taken,unpaid_taken,others_taken) values ('18','10/1/2020','9/30/2021',28.0,0.0,0.0,6.0,0.0,0.0,0.0,'',0.0,0.0,0.0,0.0,0.0,0.0,0.0,0.0,0.0,0.0,0.0,0.0,0.0,0.0,0.0);
insert into leave_balance(emp_id,leave_period_start,leave_period_end,annual_total,annual_taken,extra_annual,casual_total,casual_taken,compensatory_total,compensatory_taken,compensatory_remark,medical_total,medical_taken,marriage_total,marriage_taken,maternity_total,maternity_taken,hospitalization_total,hospitalization_taken,paternity_total,paternity_taken,compassionate_total,compassionate_taken,absent_taken,unpaid_taken,others_taken) values ('19','10/1/2019','9/30/2020',22.5,13.5,0.0,6.0,6.0,0.0,0.0,'',0.0,0.0,0.0,0.0,0.0,0.0,0.0,0.0,0.0,0.0,0.0,0.0,0.0,0.0,0.0);
insert into leave_balance(emp_id,leave_period_start,leave_period_end,annual_total,annual_taken,extra_annual,casual_total,casual_taken,compensatory_total,compensatory_taken,compensatory_remark,medical_total,medical_taken,marriage_total,marriage_taken,maternity_total,maternity_taken,hospitalization_total,hospitalization_taken,paternity_total,paternity_taken,compassionate_total,compassionate_taken,absent_taken,unpaid_taken,others_taken) values ('20','10/1/2020','9/30/2021',25.0,2.0,0.0,6.0,0.0,0.0,0.0,'',0.0,0.0,0.0,0.0,0.0,0.0,0.0,0.0,0.0,0.0,0.0,0.0,1.0,0.0,0.0);
insert into leave_balance(emp_id,leave_period_start,leave_period_end,annual_total,annual_taken,extra_annual,casual_total,casual_taken,compensatory_total,compensatory_taken,compensatory_remark,medical_total,medical_taken,marriage_total,marriage_taken,maternity_total,maternity_taken,hospitalization_total,hospitalization_taken,paternity_total,paternity_taken,compassionate_total,compassionate_taken,absent_taken,unpaid_taken,others_taken) values ('21','10/1/2019','9/30/2020',23.0,8.0,0.0,6.0,6.0,0.0,0.0,'',0.0,0.0,0.0,0.0,0.0,0.0,0.0,0.0,0.0,0.0,0.0,0.0,0.0,0.0,0.0);
insert into leave_balance(emp_id,leave_period_start,leave_period_end,annual_total,annual_taken,extra_annual,casual_total,casual_taken,compensatory_total,compensatory_taken,compensatory_remark,medical_total,medical_taken,marriage_total,marriage_taken,maternity_total,maternity_taken,hospitalization_total,hospitalization_taken,paternity_total,paternity_taken,compassionate_total,compassionate_taken,absent_taken,unpaid_taken,others_taken) values ('22','10/1/2020','9/30/2021',28.0,7.0,0.0,6.0,2.0,0.0,0.0,'',0.0,0.0,0.0,0.0,0.0,0.0,0.0,0.0,0.0,0.0,0.0,0.0,0.0,0.0,0.0);
insert into leave_balance(emp_id,leave_period_start,leave_period_end,annual_total,annual_taken,extra_annual,casual_total,casual_taken,compensatory_total,compensatory_taken,compensatory_remark,medical_total,medical_taken,marriage_total,marriage_taken,maternity_total,maternity_taken,hospitalization_total,hospitalization_taken,paternity_total,paternity_taken,compassionate_total,compassionate_taken,absent_taken,unpaid_taken,others_taken) values ('23','10/1/2019','9/30/2020',18.5,17.5,0.0,6.0,6.0,0.0,0.0,'',0.0,0.0,0.0,0.0,0.0,0.0,0.0,0.0,0.0,0.0,0.0,0.0,0.0,0.0,0.0);
insert into leave_balance(emp_id,leave_period_start,leave_period_end,annual_total,annual_taken,extra_annual,casual_total,casual_taken,compensatory_total,compensatory_taken,compensatory_remark,medical_total,medical_taken,marriage_total,marriage_taken,maternity_total,maternity_taken,hospitalization_total,hospitalization_taken,paternity_total,paternity_taken,compassionate_total,compassionate_taken,absent_taken,unpaid_taken,others_taken) values ('24','10/1/2020','9/30/2021',17.0,0.5,0.0,6.0,0.0,0.0,0.0,'',0.0,0.0,0.0,0.0,0.0,0.0,0.0,0.0,0.0,0.0,0.0,0.0,0.0,0.0,0.0);
insert into leave_balance(emp_id,leave_period_start,leave_period_end,annual_total,annual_taken,extra_annual,casual_total,casual_taken,compensatory_total,compensatory_taken,compensatory_remark,medical_total,medical_taken,marriage_total,marriage_taken,maternity_total,maternity_taken,hospitalization_total,hospitalization_taken,paternity_total,paternity_taken,compassionate_total,compassionate_taken,absent_taken,unpaid_taken,others_taken) values ('25','10/1/2019','9/30/2020',15.0,13.5,0.0,6.0,6.0,0.0,0.0,'',0.0,0.0,0.0,0.0,0.0,0.0,0.0,0.0,0.0,0.0,0.0,0.0,0.0,0.0,0.0);
insert into leave_balance(emp_id,leave_period_start,leave_period_end,annual_total,annual_taken,extra_annual,casual_total,casual_taken,compensatory_total,compensatory_taken,compensatory_remark,medical_total,medical_taken,marriage_total,marriage_taken,maternity_total,maternity_taken,hospitalization_total,hospitalization_taken,paternity_total,paternity_taken,compassionate_total,compassionate_taken,absent_taken,unpaid_taken,others_taken) values ('26','10/1/2020','9/30/2021',17.5,0.0,0.0,6.0,2.0,0.0,0.0,'',0.0,0.0,0.0,0.0,0.0,0.0,0.0,0.0,0.0,0.0,0.0,0.0,0.0,0.0,0.0);
insert into leave_balance(emp_id,leave_period_start,leave_period_end,annual_total,annual_taken,extra_annual,casual_total,casual_taken,compensatory_total,compensatory_taken,compensatory_remark,medical_total,medical_taken,marriage_total,marriage_taken,maternity_total,maternity_taken,hospitalization_total,hospitalization_taken,paternity_total,paternity_taken,compassionate_total,compassionate_taken,absent_taken,unpaid_taken,others_taken) values ('27','10/1/2019','9/30/2020',25.0,9.5,0.0,6.0,6.0,0.0,0.0,'',0.0,0.0,0.0,0.0,0.0,0.0,0.0,0.0,0.0,0.0,0.0,0.0,0.0,0.0,0.0);
insert into leave_balance(emp_id,leave_period_start,leave_period_end,annual_total,annual_taken,extra_annual,casual_total,casual_taken,compensatory_total,compensatory_taken,compensatory_remark,medical_total,medical_taken,marriage_total,marriage_taken,maternity_total,maternity_taken,hospitalization_total,hospitalization_taken,paternity_total,paternity_taken,compassionate_total,compassionate_taken,absent_taken,unpaid_taken,others_taken) values ('28','10/1/2020','9/30/2021',28.0,2.0,0.0,6.0,1.5,0.0,0.0,'',0.0,0.0,0.0,0.0,0.0,0.0,0.0,0.0,0.0,0.0,0.0,0.0,0.0,0.0,0.0);
insert into leave_balance(emp_id,leave_period_start,leave_period_end,annual_total,annual_taken,extra_annual,casual_total,casual_taken,compensatory_total,compensatory_taken,compensatory_remark,medical_total,medical_taken,marriage_total,marriage_taken,maternity_total,maternity_taken,hospitalization_total,hospitalization_taken,paternity_total,paternity_taken,compassionate_total,compassionate_taken,absent_taken,unpaid_taken,others_taken) values ('29','10/1/2019','9/30/2020',14.5,9.5,0.0,6.0,4.0,0.0,0.0,'',0.0,0.0,0.0,0.0,0.0,0.0,0.0,0.0,0.0,0.0,0.0,0.0,0.0,0.0,0.0);
insert into leave_balance(emp_id,leave_period_start,leave_period_end,annual_total,annual_taken,extra_annual,casual_total,casual_taken,compensatory_total,compensatory_taken,compensatory_remark,medical_total,medical_taken,marriage_total,marriage_taken,maternity_total,maternity_taken,hospitalization_total,hospitalization_taken,paternity_total,paternity_taken,compassionate_total,compassionate_taken,absent_taken,unpaid_taken,others_taken) values ('30','10/1/2020','9/30/2021',20.0,0.0,0.0,6.0,0.0,0.0,0.0,'',0.0,0.0,0.0,0.0,0.0,0.0,0.0,0.0,0.0,0.0,0.0,0.0,0.0,0.0,0.0);
insert into leave_balance(emp_id,leave_period_start,leave_period_end,annual_total,annual_taken,extra_annual,casual_total,casual_taken,compensatory_total,compensatory_taken,compensatory_remark,medical_total,medical_taken,marriage_total,marriage_taken,maternity_total,maternity_taken,hospitalization_total,hospitalization_taken,paternity_total,paternity_taken,compassionate_total,compassionate_taken,absent_taken,unpaid_taken,others_taken) values ('31','10/1/2019','9/30/2020',16.0,11.0,0.0,6.0,6.0,0.0,0.0,'',0.0,0.0,0.0,0.0,0.0,0.0,0.0,0.0,0.0,0.0,0.0,0.0,0.0,0.0,0.0);
insert into leave_balance(emp_id,leave_period_start,leave_period_end,annual_total,annual_taken,extra_annual,casual_total,casual_taken,compensatory_total,compensatory_taken,compensatory_remark,medical_total,medical_taken,marriage_total,marriage_taken,maternity_total,maternity_taken,hospitalization_total,hospitalization_taken,paternity_total,paternity_taken,compassionate_total,compassionate_taken,absent_taken,unpaid_taken,others_taken) values ('32','10/1/2020','9/30/2021',22.0,3.0,0.0,6.0,2.0,0.0,0.0,'',0.0,0.0,0.0,0.0,0.0,0.0,0.0,0.0,0.0,0.0,0.0,0.0,0.0,0.0,0.0);
insert into leave_balance(emp_id,leave_period_start,leave_period_end,annual_total,annual_taken,extra_annual,casual_total,casual_taken,compensatory_total,compensatory_taken,compensatory_remark,medical_total,medical_taken,marriage_total,marriage_taken,maternity_total,maternity_taken,hospitalization_total,hospitalization_taken,paternity_total,paternity_taken,compassionate_total,compassionate_taken,absent_taken,unpaid_taken,others_taken) values ('33','10/1/2019','9/30/2020',28.0,5.0,0.0,6.0,6.0,0.0,0.0,'',0.0,0.0,0.0,0.0,0.0,0.0,0.0,0.0,0.0,0.0,0.0,0.0,0.0,0.0,0.0);
insert into leave_balance(emp_id,leave_period_start,leave_period_end,annual_total,annual_taken,extra_annual,casual_total,casual_taken,compensatory_total,compensatory_taken,compensatory_remark,medical_total,medical_taken,marriage_total,marriage_taken,maternity_total,maternity_taken,hospitalization_total,hospitalization_taken,paternity_total,paternity_taken,compassionate_total,compassionate_taken,absent_taken,unpaid_taken,others_taken) values ('34','10/1/2020','9/30/2021',28.0,1.0,0.0,6.0,1.0,3.0,2.0,'',0.0,0.0,0.0,0.0,0.0,0.0,0.0,0.0,0.0,0.0,0.0,0.0,0.0,0.0,0.0);
insert into leave_balance(emp_id,leave_period_start,leave_period_end,annual_total,annual_taken,extra_annual,casual_total,casual_taken,compensatory_total,compensatory_taken,compensatory_remark,medical_total,medical_taken,marriage_total,marriage_taken,maternity_total,maternity_taken,hospitalization_total,hospitalization_taken,paternity_total,paternity_taken,compassionate_total,compassionate_taken,absent_taken,unpaid_taken,others_taken) values ('35','10/1/2019','9/30/2020',28.0,19.5,0.0,6.0,6.0,0.0,0.0,'',0.0,0.0,0.0,0.0,0.0,0.0,0.0,0.0,0.0,0.0,0.0,0.0,0.0,0.0,0.0);
insert into leave_balance(emp_id,leave_period_start,leave_period_end,annual_total,annual_taken,extra_annual,casual_total,casual_taken,compensatory_total,compensatory_taken,compensatory_remark,medical_total,medical_taken,marriage_total,marriage_taken,maternity_total,maternity_taken,hospitalization_total,hospitalization_taken,paternity_total,paternity_taken,compassionate_total,compassionate_taken,absent_taken,unpaid_taken,others_taken) values ('36','10/1/2020','9/30/2021',23.5,0.0,0.0,6.0,0.0,0.0,0.0,'',0.0,0.0,0.0,0.0,0.0,0.0,0.0,0.0,0.0,0.0,0.0,0.0,0.0,0.0,0.0);
insert into leave_balance(emp_id,leave_period_start,leave_period_end,annual_total,annual_taken,extra_annual,casual_total,casual_taken,compensatory_total,compensatory_taken,compensatory_remark,medical_total,medical_taken,marriage_total,marriage_taken,maternity_total,maternity_taken,hospitalization_total,hospitalization_taken,paternity_total,paternity_taken,compassionate_total,compassionate_taken,absent_taken,unpaid_taken,others_taken) values ('37','10/1/2019','9/30/2020',27.0,4.5,0.0,6.0,4.0,0.0,0.0,'',0.0,0.0,0.0,0.0,0.0,0.0,0.0,0.0,0.0,0.0,0.0,0.0,0.0,0.0,0.0);
insert into leave_balance(emp_id,leave_period_start,leave_period_end,annual_total,annual_taken,extra_annual,casual_total,casual_taken,compensatory_total,compensatory_taken,compensatory_remark,medical_total,medical_taken,marriage_total,marriage_taken,maternity_total,maternity_taken,hospitalization_total,hospitalization_taken,paternity_total,paternity_taken,compassionate_total,compassionate_taken,absent_taken,unpaid_taken,others_taken) values ('38','10/1/2020','9/30/2021',28.0,1.0,0.0,6.0,1.0,0.0,0.0,'',0.0,0.0,0.0,0.0,0.0,0.0,0.0,0.0,0.0,0.0,0.0,0.0,0.0,0.0,0.0);
insert into leave_balance(emp_id,leave_period_start,leave_period_end,annual_total,annual_taken,extra_annual,casual_total,casual_taken,compensatory_total,compensatory_taken,compensatory_remark,medical_total,medical_taken,marriage_total,marriage_taken,maternity_total,maternity_taken,hospitalization_total,hospitalization_taken,paternity_total,paternity_taken,compassionate_total,compassionate_taken,absent_taken,unpaid_taken,others_taken) values ('39','10/1/2019','9/30/2020',28.0,19.0,0.0,6.0,5.5,0.0,0.0,'',0.0,0.0,0.0,0.0,0.0,0.0,0.0,0.0,0.0,0.0,0.0,0.0,0.0,0.0,0.0);
insert into leave_balance(emp_id,leave_period_start,leave_period_end,annual_total,annual_taken,extra_annual,casual_total,casual_taken,compensatory_total,compensatory_taken,compensatory_remark,medical_total,medical_taken,marriage_total,marriage_taken,maternity_total,maternity_taken,hospitalization_total,hospitalization_taken,paternity_total,paternity_taken,compassionate_total,compassionate_taken,absent_taken,unpaid_taken,others_taken) values ('40','10/1/2020','9/30/2021',26.0,4.0,0.0,6.0,1.5,0.0,0.0,'',0.0,0.0,0.0,0.0,0.0,0.0,0.0,0.0,0.0,0.0,0.0,0.0,0.0,0.0,0.0);
insert into leave_balance(emp_id,leave_period_start,leave_period_end,annual_total,annual_taken,extra_annual,casual_total,casual_taken,compensatory_total,compensatory_taken,compensatory_remark,medical_total,medical_taken,marriage_total,marriage_taken,maternity_total,maternity_taken,hospitalization_total,hospitalization_taken,paternity_total,paternity_taken,compassionate_total,compassionate_taken,absent_taken,unpaid_taken,others_taken) values ('41','10/1/2019','9/30/2020',17.0,7.5,0.0,6.0,5.5,0.0,0.0,'',0.0,0.0,0.0,0.0,0.0,0.0,0.0,0.0,0.0,0.0,0.0,0.0,0.0,0.0,0.0);
insert into leave_balance(emp_id,leave_period_start,leave_period_end,annual_total,annual_taken,extra_annual,casual_total,casual_taken,compensatory_total,compensatory_taken,compensatory_remark,medical_total,medical_taken,marriage_total,marriage_taken,maternity_total,maternity_taken,hospitalization_total,hospitalization_taken,paternity_total,paternity_taken,compassionate_total,compassionate_taken,absent_taken,unpaid_taken,others_taken) values ('42','10/1/2020','9/30/2021',24.5,7.0,0.0,6.0,0.5,0.0,0.0,'',0.0,0.0,0.0,0.0,0.0,0.0,60.0,3.0,0.0,0.0,0.0,0.0,0.0,0.0,0.0);
insert into leave_balance(emp_id,leave_period_start,leave_period_end,annual_total,annual_taken,extra_annual,casual_total,casual_taken,compensatory_total,compensatory_taken,compensatory_remark,medical_total,medical_taken,marriage_total,marriage_taken,maternity_total,maternity_taken,hospitalization_total,hospitalization_taken,paternity_total,paternity_taken,compassionate_total,compassionate_taken,absent_taken,unpaid_taken,others_taken) values ('43','10/1/2019','9/30/2020',22.0,4.0,0.0,6.0,3.5,0.0,0.0,'',0.0,0.0,0.0,0.0,0.0,0.0,0.0,0.0,0.0,0.0,0.0,0.0,0.0,0.0,0.0);
insert into leave_balance(emp_id,leave_period_start,leave_period_end,annual_total,annual_taken,extra_annual,casual_total,casual_taken,compensatory_total,compensatory_taken,compensatory_remark,medical_total,medical_taken,marriage_total,marriage_taken,maternity_total,maternity_taken,hospitalization_total,hospitalization_taken,paternity_total,paternity_taken,compassionate_total,compassionate_taken,absent_taken,unpaid_taken,others_taken) values ('44','10/1/2020','9/30/2021',28.0,2.0,0.0,6.0,0.0,0.0,0.0,'',0.0,0.0,0.0,0.0,0.0,0.0,0.0,0.0,0.0,0.0,0.0,0.0,0.0,0.0,0.0);
insert into leave_balance(emp_id,leave_period_start,leave_period_end,annual_total,annual_taken,extra_annual,casual_total,casual_taken,compensatory_total,compensatory_taken,compensatory_remark,medical_total,medical_taken,marriage_total,marriage_taken,maternity_total,maternity_taken,hospitalization_total,hospitalization_taken,paternity_total,paternity_taken,compassionate_total,compassionate_taken,absent_taken,unpaid_taken,others_taken) values ('45','10/1/2019','9/30/2020',16.0,9.5,0.0,6.0,6.0,0.0,0.0,'',0.0,0.0,0.0,0.0,0.0,0.0,0.0,0.0,0.0,0.0,0.0,0.0,0.0,0.0,0.0);
insert into leave_balance(emp_id,leave_period_start,leave_period_end,annual_total,annual_taken,extra_annual,casual_total,casual_taken,compensatory_total,compensatory_taken,compensatory_remark,medical_total,medical_taken,marriage_total,marriage_taken,maternity_total,maternity_taken,hospitalization_total,hospitalization_taken,paternity_total,paternity_taken,compassionate_total,compassionate_taken,absent_taken,unpaid_taken,others_taken) values ('46','10/1/2020','9/30/2021',21.5,0.0,0.0,6.0,0.5,2.5,1.0,'',0.0,0.0,0.0,0.0,0.0,0.0,0.0,0.0,0.0,0.0,0.0,0.0,0.0,0.0,0.0);
insert into leave_balance(emp_id,leave_period_start,leave_period_end,annual_total,annual_taken,extra_annual,casual_total,casual_taken,compensatory_total,compensatory_taken,compensatory_remark,medical_total,medical_taken,marriage_total,marriage_taken,maternity_total,maternity_taken,hospitalization_total,hospitalization_taken,paternity_total,paternity_taken,compassionate_total,compassionate_taken,absent_taken,unpaid_taken,others_taken) values ('47','10/1/2019','9/30/2020',14.0,12.0,0.0,6.0,6.0,0.0,0.0,'',0.0,0.0,0.0,0.0,0.0,0.0,0.0,0.0,0.0,0.0,0.0,0.0,0.0,0.0,0.0);
insert into leave_balance(emp_id,leave_period_start,leave_period_end,annual_total,annual_taken,extra_annual,casual_total,casual_taken,compensatory_total,compensatory_taken,compensatory_remark,medical_total,medical_taken,marriage_total,marriage_taken,maternity_total,maternity_taken,hospitalization_total,hospitalization_taken,paternity_total,paternity_taken,compassionate_total,compassionate_taken,absent_taken,unpaid_taken,others_taken) values ('48','10/1/2020','9/30/2021',17.0,0.0,0.0,6.0,3.0,0.5,0.5,'',0.0,0.0,0.0,0.0,0.0,0.0,0.0,0.0,0.0,0.0,0.0,0.0,0.0,0.0,0.0);
insert into leave_balance(emp_id,leave_period_start,leave_period_end,annual_total,annual_taken,extra_annual,casual_total,casual_taken,compensatory_total,compensatory_taken,compensatory_remark,medical_total,medical_taken,marriage_total,marriage_taken,maternity_total,maternity_taken,hospitalization_total,hospitalization_taken,paternity_total,paternity_taken,compassionate_total,compassionate_taken,absent_taken,unpaid_taken,others_taken) values ('49','10/1/2019','9/30/2020',16.5,9.5,0.0,6.0,6.0,0.0,0.0,'',0.0,0.0,0.0,0.0,0.0,0.0,0.0,0.0,0.0,0.0,0.0,0.0,0.0,0.0,0.0);
insert into leave_balance(emp_id,leave_period_start,leave_period_end,annual_total,annual_taken,extra_annual,casual_total,casual_taken,compensatory_total,compensatory_taken,compensatory_remark,medical_total,medical_taken,marriage_total,marriage_taken,maternity_total,maternity_taken,hospitalization_total,hospitalization_taken,paternity_total,paternity_taken,compassionate_total,compassionate_taken,absent_taken,unpaid_taken,others_taken) values ('50','10/1/2020','9/30/2021',22.0,1.0,0.0,6.0,2.5,0.0,0.0,'',0.0,0.0,0.0,0.0,0.0,0.0,0.0,0.0,0.0,0.0,0.0,0.0,0.0,0.0,0.0);
